characteristic_id	formula_latex	formula_direction	data_fields	calculation_window_zh	calculation_window_en	accounting_lag_zh	accounting_lag_en	source_label	source_url	provenance	source_commit	code_path	code_lines	code_frequency_zh	code_frequency_en	reconcile_url	notes_zh	notes_en
abr	\(\displaystyle \mathrm{ABR}_{i,t}=\sum_{\tau=-2}^{1}\left[\mathrm{DLYRET}_{i,t+\tau}-(\mathrm{MKTRF}_{t+\tau}+\mathrm{RF}_{t+\tau})\right]\)	+1	CRSP: DLYRET; Factor data: MKTRF, RF	季度财报事件；[-2,+1] 交易日 ABR 对齐到月度。	Quarterly earnings event; trading-day [-2,+1] ABR aligned to monthly dates.	按 chars_ciz 的季度或事件日期对齐；未另行添加页面假设。	Aligned by the chars_ciz quarterly or event-date rule; the page adds no extra assumption.	EquityChars CIZ · abr.py · L176	https://github.com/Yuning598/EquityChars/blob/9a0fa72d0b2dd688b7bcb72e52ce1f31fc33a627/chars_ciz/abr.py#L176	equitychars_ciz_code	9a0fa72d0b2dd688b7bcb72e52ce1f31fc33a627	chars_ciz/abr.py	176	季度财报事件；[-2,+1] 交易日 ABR 对齐到月度。	Quarterly earnings event; trading-day [-2,+1] ABR aligned to monthly dates.		公式按 chars_ciz 代码转写，不采用旧版 SIZ 口径。	Formula transcribed from chars_ciz; the legacy SIZ definition is not used.
absacc	\(\displaystyle \mathrm{ABSACC}_{i,t}=|\mathrm{ACC}_{i,t}|\)	-1	Derived/intermediate variables; raw fields not stated	年频。	Annual.	按 chars_ciz 年频 jdate 对齐；未另行添加页面假设。	Aligned by the chars_ciz annual jdate rule; the page adds no extra assumption.	EquityChars CIZ · accounting.py · L445, L1527	https://github.com/Yuning598/EquityChars/blob/9a0fa72d0b2dd688b7bcb72e52ce1f31fc33a627/chars_ciz/accounting.py#L445	equitychars_ciz_code	9a0fa72d0b2dd688b7bcb72e52ce1f31fc33a627	chars_ciz/accounting.py	445,1527	年频。	Annual.		公式按 chars_ciz 代码转写，不采用旧版 SIZ 口径。	Formula transcribed from chars_ciz; the legacy SIZ definition is not used.
acc	\(\displaystyle \mathrm{ACC}_{i,t}= \begin{cases} \dfrac{(\Delta\mathrm{ACT}_{i,t}-\Delta\mathrm{CHE}_{i,t}) -\Delta\mathrm{LCT}_{i,t}+\Delta\mathrm{DLC}_{i,t}+\Delta\mathrm{TXP}_{i,t} -\mathrm{DP}_{i,t}} {\frac{1}{2}(\mathrm{AT}_{i,t}+\mathrm{AT}_{i,t-1})}, & \mathrm{OANCF}_{i,t}\text{ missing},\\[0.6em] \dfrac{\mathrm{NI}_{i,t}-\mathrm{OANCF}_{i,t}} {\frac{1}{2}(\mathrm{AT}_{i,t}+\mathrm{AT}_{i,t-1})}, & \text{otherwise}. \end{cases}\)	-1	Compustat: ACT, AT, CHE, DLC, DP, LCT, NI, OANCF, TXP	年频与季频；最终按 datadate 取较新的非空值。	Annual and quarterly; the final output uses the newer non-null value by datadate.	年频与季频结果均在 CIZ 中对齐；最终比较 datadate，取较新的可用值。	CIZ aligns both annual and quarterly results, then selects the newer available value by datadate.	EquityChars CIZ · accounting.py · L440, L1522	https://github.com/Yuning598/EquityChars/blob/9a0fa72d0b2dd688b7bcb72e52ce1f31fc33a627/chars_ciz/accounting.py#L440	equitychars_ciz_code	9a0fa72d0b2dd688b7bcb72e52ce1f31fc33a627	chars_ciz/accounting.py	440,1522	年频与季频；最终按 datadate 取较新的非空值。	Annual and quarterly; the final output uses the newer non-null value by datadate.	https://github.com/Yuning598/EquityChars/blob/9a0fa72d0b2dd688b7bcb72e52ce1f31fc33a627/chars_ciz/impute_rank_output.py#L85	公式按 chars_ciz 代码转写。年频与季频同时可用时，最终输出按 datadate 选择较新的非空值。	Formula transcribed from chars_ciz. When annual and quarterly values both exist, final output selects the newer non-null value by datadate.
adm	\(\displaystyle \mathrm{ADM}_{i,t}=\frac{\mathrm{XAD}_{i,t}}{\mathrm{ME}_{i,t}}\).	+1	Compustat: XAD	年频。	Annual.	按 chars_ciz 年频 jdate 对齐；未另行添加页面假设。	Aligned by the chars_ciz annual jdate rule; the page adds no extra assumption.	EquityChars CIZ · accounting.py · L2328	https://github.com/Yuning598/EquityChars/blob/9a0fa72d0b2dd688b7bcb72e52ce1f31fc33a627/chars_ciz/accounting.py#L2328	equitychars_ciz_code	9a0fa72d0b2dd688b7bcb72e52ce1f31fc33a627	chars_ciz/accounting.py	2328	年频。	Annual.		公式按 chars_ciz 代码转写，不采用旧版 SIZ 口径。	Formula transcribed from chars_ciz; the legacy SIZ definition is not used.
age	\(\displaystyle \mathrm{AGE}_{i,t}=\mathrm{count}_{i,t}\), the Compustat history counter used in the CIZ pipeline.	-1	Derived/intermediate variables; raw fields not stated	年频；公司在 Compustat 年度样本中的累计记录数。	Annual; cumulative firm record count in the Compustat annual sample.	按 chars_ciz 年频 jdate 对齐；未另行添加页面假设。	Aligned by the chars_ciz annual jdate rule; the page adds no extra assumption.	EquityChars CIZ · accounting.py · L1062	https://github.com/Yuning598/EquityChars/blob/9a0fa72d0b2dd688b7bcb72e52ce1f31fc33a627/chars_ciz/accounting.py#L1062	equitychars_ciz_code	9a0fa72d0b2dd688b7bcb72e52ce1f31fc33a627	chars_ciz/accounting.py	1062	年频。	Annual.		公式按 chars_ciz 代码转写，不采用旧版 SIZ 口径。	Formula transcribed from chars_ciz; the legacy SIZ definition is not used.
agr	\(\displaystyle \mathrm{AGR}_{i,t}=\frac{\Delta\mathrm{AT}_{i,t}}{\mathrm{AT}_{i,t-1}}\)	-1	Compustat: AT	年频与季频；最终按 datadate 取较新的非空值。	Annual and quarterly; the final output uses the newer non-null value by datadate.	年频与季频结果均在 CIZ 中对齐；最终比较 datadate，取较新的可用值。	CIZ aligns both annual and quarterly results, then selects the newer available value by datadate.	EquityChars CIZ · accounting.py · L450, L1547	https://github.com/Yuning598/EquityChars/blob/9a0fa72d0b2dd688b7bcb72e52ce1f31fc33a627/chars_ciz/accounting.py#L450	equitychars_ciz_code	9a0fa72d0b2dd688b7bcb72e52ce1f31fc33a627	chars_ciz/accounting.py	450,1547	年频与季频；最终按 datadate 取较新的非空值。	Annual and quarterly; the final output uses the newer non-null value by datadate.	https://github.com/Yuning598/EquityChars/blob/9a0fa72d0b2dd688b7bcb72e52ce1f31fc33a627/chars_ciz/impute_rank_output.py#L85	公式按 chars_ciz 代码转写。年频与季频同时可用时，最终输出按 datadate 选择较新的非空值。	Formula transcribed from chars_ciz. When annual and quarterly values both exist, final output selects the newer non-null value by datadate.
alm	\(\displaystyle \begin{aligned} \mathrm{ALM}_{i,t}&=\frac{\mathrm{ALA}_{i,t}} {\mathrm{AT}_{i,t}+\mathrm{PRCC\_F}_{i,t}\mathrm{CSHO}_{i,t}-\mathrm{CEQ}_{i,t}},\\ \mathrm{ALA}_{i,t}&=\mathrm{CHE}_{i,t} +0.75(\mathrm{ACT}_{i,t}-\mathrm{CHE}_{i,t})\\ &\quad-0.5(\mathrm{AT}_{i,t}-\mathrm{ACT}_{i,t}-\mathrm{GDWL}_{i,t}-\mathrm{INTAN}_{i,t}). \end{aligned}\)	-1	Compustat: ACT, AT, CEQ, CHE, CSHO, GDWL, INTAN, PRCC_F	年频与季频；最终按 datadate 取较新的非空值。	Annual and quarterly; the final output uses the newer non-null value by datadate.	年频与季频结果均在 CIZ 中对齐；最终比较 datadate，取较新的可用值。	CIZ aligns both annual and quarterly results, then selects the newer available value by datadate.	EquityChars CIZ · accounting.py · L1019, L2445	https://github.com/Yuning598/EquityChars/blob/9a0fa72d0b2dd688b7bcb72e52ce1f31fc33a627/chars_ciz/accounting.py#L1019	equitychars_ciz_code	9a0fa72d0b2dd688b7bcb72e52ce1f31fc33a627	chars_ciz/accounting.py	1019,2445	年频与季频；最终按 datadate 取较新的非空值。	Annual and quarterly; the final output uses the newer non-null value by datadate.	https://github.com/Yuning598/EquityChars/blob/9a0fa72d0b2dd688b7bcb72e52ce1f31fc33a627/chars_ciz/impute_rank_output.py#L85	公式按 chars_ciz 代码转写。年频与季频同时可用时，最终输出按 datadate 选择较新的非空值。	Formula transcribed from chars_ciz. When annual and quarterly values both exist, final output selects the newer non-null value by datadate.
ato	\(\displaystyle \mathrm{ATO}^{A}_{i,t}=\frac{\mathrm{SALE}_{i,t}}{\mathrm{NOA}^{raw}_{i,t-1}},\quad \mathrm{ATO}^{Q}_{i,t}=\frac{\mathrm{SALEQ}_{i,t}}{\mathrm{NOA}^{raw}_{i,t-4}}\)	+1	Compustat: SALE, SALEQ	年频与季频；最终按 datadate 取较新的非空值。	Annual and quarterly; the final output uses the newer non-null value by datadate.	年频与季频结果均在 CIZ 中对齐；最终比较 datadate，取较新的可用值。	CIZ aligns both annual and quarterly results, then selects the newer available value by datadate.	EquityChars CIZ · accounting.py · L608, L1769	https://github.com/Yuning598/EquityChars/blob/9a0fa72d0b2dd688b7bcb72e52ce1f31fc33a627/chars_ciz/accounting.py#L608	equitychars_ciz_code	9a0fa72d0b2dd688b7bcb72e52ce1f31fc33a627	chars_ciz/accounting.py	608,1769	年频与季频；最终按 datadate 取较新的非空值。	Annual and quarterly; the final output uses the newer non-null value by datadate.	https://github.com/Yuning598/EquityChars/blob/9a0fa72d0b2dd688b7bcb72e52ce1f31fc33a627/chars_ciz/impute_rank_output.py#L85	公式按 chars_ciz 代码转写。年频与季频同时可用时，最终输出按 datadate 选择较新的非空值。	Formula transcribed from chars_ciz. When annual and quarterly values both exist, final output selects the newer non-null value by datadate.
baspread	\(\displaystyle \mathrm{BASPREAD}_{i,t}=\operatorname{Mean}_{d\in W_t}\left[\frac{\mathrm{DLYHIGH}_{i,d}-\mathrm{DLYLOW}_{i,d}}{(\mathrm{DLYHIGH}_{i,d}+\mathrm{DLYLOW}_{i,d})/2}\right]\)	+1	CRSP: DLYHIGH, DLYLOW	日频输入；滚动 3 个月，至少 21 个观测。	Daily inputs; rolling three months with at least 21 observations.	信号在 t 月形成；最终输出将收益移至 t+1 月。	The signal is formed at month t; final output shifts the return to month t+1.	EquityChars CIZ · rolling_chars.py · L159	https://github.com/Yuning598/EquityChars/blob/9a0fa72d0b2dd688b7bcb72e52ce1f31fc33a627/chars_ciz/rolling_chars.py#L159	equitychars_ciz_code	9a0fa72d0b2dd688b7bcb72e52ce1f31fc33a627	chars_ciz/rolling_chars.py	159	日频输入；滚动 3 个月，至少 21 个观测。	Daily inputs; rolling three months with at least 21 observations.		公式按 chars_ciz 代码转写，不采用旧版 SIZ 口径。	Formula transcribed from chars_ciz; the legacy SIZ definition is not used.
beta	\(\displaystyle \mathrm{BETA}_{i,t}= \frac{\sum_{s\in W_{i,t}}(\mathrm{MKTRF}_s-\overline{\mathrm{MKTRF}}) (\mathrm{EXRET}_{i,s}-\overline{\mathrm{EXRET}}_i)} {\sum_{s\in W_{i,t}}(\mathrm{MKTRF}_s-\overline{\mathrm{MKTRF}})^2}\)	+1	Factor data: EXRET, MKTRF	日频输入；滚动 3 个月，至少 21 个观测。	Daily inputs; rolling three months with at least 21 observations.	信号在 t 月形成；最终输出将收益移至 t+1 月。	The signal is formed at month t; final output shifts the return to month t+1.	EquityChars CIZ · rolling_chars.py · L108	https://github.com/Yuning598/EquityChars/blob/9a0fa72d0b2dd688b7bcb72e52ce1f31fc33a627/chars_ciz/rolling_chars.py#L108	equitychars_ciz_code	9a0fa72d0b2dd688b7bcb72e52ce1f31fc33a627	chars_ciz/rolling_chars.py	108	日频输入；滚动 3 个月，至少 21 个观测。	Daily inputs; rolling three months with at least 21 observations.		公式按 chars_ciz 代码转写，不采用旧版 SIZ 口径。	Formula transcribed from chars_ciz; the legacy SIZ definition is not used.
bm	\(\displaystyle \mathrm{PS}=\operatorname{coalesce}(\mathrm{PSTKRV},\mathrm{PSTKL},\mathrm{PSTK}),\quad \mathrm{SEQ}^{*}=\operatorname{coalesce}(\mathrm{SEQ},\mathrm{CEQ}+\mathrm{PSTK},\mathrm{AT}-\mathrm{LT}),\quad \mathrm{BE}=\mathrm{SEQ}^{*}+\mathrm{TXDITC}-\mathrm{PS},\quad \mathrm{BM}=\frac{\mathrm{BE}}{\mathrm{ME}}\)	+1	Compustat: AT, CEQ, LT, PSTK, PSTKL, PSTKRV, SEQ, TXDITC	年频与季频；最终按 datadate 取较新的非空值。	Annual and quarterly; the final output uses the newer non-null value by datadate.	年频与季频结果均在 CIZ 中对齐；最终比较 datadate，取较新的可用值。	CIZ aligns both annual and quarterly results, then selects the newer available value by datadate.	EquityChars CIZ · accounting.py · L2265, L2390	https://github.com/Yuning598/EquityChars/blob/9a0fa72d0b2dd688b7bcb72e52ce1f31fc33a627/chars_ciz/accounting.py#L2265	equitychars_ciz_code	9a0fa72d0b2dd688b7bcb72e52ce1f31fc33a627	chars_ciz/accounting.py	2265,2390	年频与季频；最终按 datadate 取较新的非空值。	Annual and quarterly; the final output uses the newer non-null value by datadate.	https://github.com/Yuning598/EquityChars/blob/9a0fa72d0b2dd688b7bcb72e52ce1f31fc33a627/chars_ciz/impute_rank_output.py#L85	公式按 chars_ciz 代码转写。年频与季频同时可用时，最终输出按 datadate 选择较新的非空值。	Formula transcribed from chars_ciz. When annual and quarterly values both exist, final output selects the newer non-null value by datadate.
bm_ia	\(\displaystyle \mathrm{BM\_IA}_{i,t}=\mathrm{BM}_{i,t} -\frac{1}{N_{\mathrm{ind},t}}\sum_{j\in\mathrm{ind}(i)}\mathrm{BM}_{j,t}\)	+1	Industry classification	年频与季频；最终按 datadate 取较新的非空值。	Annual and quarterly; the final output uses the newer non-null value by datadate.	年频与季频结果均在 CIZ 中对齐；最终比较 datadate，取较新的可用值。	CIZ aligns both annual and quarterly results, then selects the newer available value by datadate.	EquityChars CIZ · accounting.py · L2273, L2397	https://github.com/Yuning598/EquityChars/blob/9a0fa72d0b2dd688b7bcb72e52ce1f31fc33a627/chars_ciz/accounting.py#L2273	equitychars_ciz_code	9a0fa72d0b2dd688b7bcb72e52ce1f31fc33a627	chars_ciz/accounting.py	2273,2397	年频与季频；最终按 datadate 取较新的非空值。	Annual and quarterly; the final output uses the newer non-null value by datadate.	https://github.com/Yuning598/EquityChars/blob/9a0fa72d0b2dd688b7bcb72e52ce1f31fc33a627/chars_ciz/impute_rank_output.py#L85	公式按 chars_ciz 代码转写。年频与季频同时可用时，最终输出按 datadate 选择较新的非空值。	Formula transcribed from chars_ciz. When annual and quarterly values both exist, final output selects the newer non-null value by datadate.
cash	\(\displaystyle \mathrm{CASH}_{i,t}=\frac{\mathrm{CHE}_{i,t}}{\mathrm{AT}_{i,t}}\)	+1	Compustat: AT, CHE	年频与季频；最终按 datadate 取较新的非空值。	Annual and quarterly; the final output uses the newer non-null value by datadate.	年频与季频结果均在 CIZ 中对齐；最终比较 datadate，取较新的可用值。	CIZ aligns both annual and quarterly results, then selects the newer available value by datadate.	EquityChars CIZ · accounting.py · L509, L1481	https://github.com/Yuning598/EquityChars/blob/9a0fa72d0b2dd688b7bcb72e52ce1f31fc33a627/chars_ciz/accounting.py#L509	equitychars_ciz_code	9a0fa72d0b2dd688b7bcb72e52ce1f31fc33a627	chars_ciz/accounting.py	509,1481	年频与季频；最终按 datadate 取较新的非空值。	Annual and quarterly; the final output uses the newer non-null value by datadate.	https://github.com/Yuning598/EquityChars/blob/9a0fa72d0b2dd688b7bcb72e52ce1f31fc33a627/chars_ciz/impute_rank_output.py#L85	公式按 chars_ciz 代码转写。年频与季频同时可用时，最终输出按 datadate 选择较新的非空值。	Formula transcribed from chars_ciz. When annual and quarterly values both exist, final output selects the newer non-null value by datadate.
cashdebt	\(\displaystyle \mathrm{CASHDEBT}_{i,t}= \frac{\mathrm{IB}_{i,t}+\mathrm{DP}_{i,t}} {\frac{1}{2}(\mathrm{LT}_{i,t}+\mathrm{LT}_{i,t-1})}\)	+1	Compustat: DP, IB, LT	年频与季频；最终按 datadate 取较新的非空值。	Annual and quarterly; the final output uses the newer non-null value by datadate.	年频与季频结果均在 CIZ 中对齐；最终比较 datadate，取较新的可用值。	CIZ aligns both annual and quarterly results, then selects the newer available value by datadate.	EquityChars CIZ · accounting.py · L647, L1585	https://github.com/Yuning598/EquityChars/blob/9a0fa72d0b2dd688b7bcb72e52ce1f31fc33a627/chars_ciz/accounting.py#L647	equitychars_ciz_code	9a0fa72d0b2dd688b7bcb72e52ce1f31fc33a627	chars_ciz/accounting.py	647,1585	年频与季频；最终按 datadate 取较新的非空值。	Annual and quarterly; the final output uses the newer non-null value by datadate.	https://github.com/Yuning598/EquityChars/blob/9a0fa72d0b2dd688b7bcb72e52ce1f31fc33a627/chars_ciz/impute_rank_output.py#L85	公式按 chars_ciz 代码转写。年频与季频同时可用时，最终输出按 datadate 选择较新的非空值。	Formula transcribed from chars_ciz. When annual and quarterly values both exist, final output selects the newer non-null value by datadate.
cashpr	\(\displaystyle \mathrm{CASHPR}_{i,t}= \frac{\mathrm{ME}_{i,t}+\mathrm{DLTT}_{i,t}-\mathrm{AT}_{i,t}}{\mathrm{CHE}_{i,t}}\)	-1	Compustat: AT, CHE, DLTT	年频与季频；最终按 datadate 取较新的非空值。	Annual and quarterly; the final output uses the newer non-null value by datadate.	年频与季频结果均在 CIZ 中对齐；最终比较 datadate，取较新的可用值。	CIZ aligns both annual and quarterly results, then selects the newer available value by datadate.	EquityChars CIZ · accounting.py · L2338, L2461	https://github.com/Yuning598/EquityChars/blob/9a0fa72d0b2dd688b7bcb72e52ce1f31fc33a627/chars_ciz/accounting.py#L2338	equitychars_ciz_code	9a0fa72d0b2dd688b7bcb72e52ce1f31fc33a627	chars_ciz/accounting.py	2338,2461	年频与季频；最终按 datadate 取较新的非空值。	Annual and quarterly; the final output uses the newer non-null value by datadate.	https://github.com/Yuning598/EquityChars/blob/9a0fa72d0b2dd688b7bcb72e52ce1f31fc33a627/chars_ciz/impute_rank_output.py#L85	公式按 chars_ciz 代码转写。年频与季频同时可用时，最终输出按 datadate 选择较新的非空值。	Formula transcribed from chars_ciz. When annual and quarterly values both exist, final output selects the newer non-null value by datadate.
cfp	\(\displaystyle \mathrm{CFP}^{A}_{i,t}=\frac{\mathrm{IB}_{i,t}+\operatorname{coalesce}(\mathrm{DP}_{i,t},0)}{\mathrm{ME}_{i,t}},\quad \mathrm{CFP}^{Q}_{i,t}=\frac{\mathrm{TTM4}(\mathrm{IBQ})_{i,t}+\operatorname{coalesce}(\mathrm{TTM4}(\mathrm{DPQ})_{i,t},0)}{\mathrm{ME}_{i,t}}\)	+1	Compustat: DP, DPQ, IB, IBQ	年频与季频；最终按 datadate 取较新的非空值。	Annual and quarterly; the final output uses the newer non-null value by datadate.	年频与季频结果均在 CIZ 中对齐；最终比较 datadate，取较新的可用值。	CIZ aligns both annual and quarterly results, then selects the newer available value by datadate.	EquityChars CIZ · accounting.py · L2290, L2412	https://github.com/Yuning598/EquityChars/blob/9a0fa72d0b2dd688b7bcb72e52ce1f31fc33a627/chars_ciz/accounting.py#L2290	equitychars_ciz_code	9a0fa72d0b2dd688b7bcb72e52ce1f31fc33a627	chars_ciz/accounting.py	2290,2412	年频与季频；最终按 datadate 取较新的非空值。	Annual and quarterly; the final output uses the newer non-null value by datadate.	https://github.com/Yuning598/EquityChars/blob/9a0fa72d0b2dd688b7bcb72e52ce1f31fc33a627/chars_ciz/impute_rank_output.py#L85	公式按 chars_ciz 代码转写。年频与季频同时可用时，最终输出按 datadate 选择较新的非空值。	Formula transcribed from chars_ciz. When annual and quarterly values both exist, final output selects the newer non-null value by datadate.
cfp_ia	\(\displaystyle \mathrm{CFP\_IA}_{i,t}=\mathrm{CFP}_{i,t}-\overline{\mathrm{CFP}}_{\mathrm{industry},t}\).	+1	Industry classification	年频与季频；最终按 datadate 取较新的非空值。	Annual and quarterly; the final output uses the newer non-null value by datadate.	年频与季频结果均在 CIZ 中对齐；最终比较 datadate，取较新的可用值。	CIZ aligns both annual and quarterly results, then selects the newer available value by datadate.	EquityChars CIZ · accounting.py · L2298, L2420	https://github.com/Yuning598/EquityChars/blob/9a0fa72d0b2dd688b7bcb72e52ce1f31fc33a627/chars_ciz/accounting.py#L2298	equitychars_ciz_code	9a0fa72d0b2dd688b7bcb72e52ce1f31fc33a627	chars_ciz/accounting.py	2298,2420	年频与季频；最终按 datadate 取较新的非空值。	Annual and quarterly; the final output uses the newer non-null value by datadate.	https://github.com/Yuning598/EquityChars/blob/9a0fa72d0b2dd688b7bcb72e52ce1f31fc33a627/chars_ciz/impute_rank_output.py#L85	公式按 chars_ciz 代码转写。年频与季频同时可用时，最终输出按 datadate 选择较新的非空值。	Formula transcribed from chars_ciz. When annual and quarterly values both exist, final output selects the newer non-null value by datadate.
chatoia	\(\displaystyle \begin{aligned} \mathrm{NOA}^{raw}_{i,t}&=(\mathrm{AT}_{i,t}-\mathrm{CHE}_{i,t}-\mathrm{IVAO}_{i,t})\\ &\quad-(\mathrm{AT}_{i,t}-\mathrm{DLC}_{i,t}-\mathrm{DLTT}_{i,t}-\mathrm{MIB}_{i,t}-\mathrm{PSTK}_{i,t}-\mathrm{CEQ}_{i,t}),\\ \mathrm{CHATO}_{i,t}&= \frac{\mathrm{SALE}_{i,t}}{\frac{1}{2}(\mathrm{NOA}^{raw}_{i,t}+\mathrm{NOA}^{raw}_{i,t-1})} -\frac{\mathrm{SALE}_{i,t-1}}{\frac{1}{2}(\mathrm{NOA}^{raw}_{i,t-1}+\mathrm{NOA}^{raw}_{i,t-2})},\\ \mathrm{CHATOIA}_{i,t}&=\mathrm{CHATO}_{i,t}-\overline{\mathrm{CHATO}}_{\mathrm{industry},t}. \end{aligned}\)	+1	Compustat: AT, CEQ, CHE, DLC, DLTT, IVAO, MIB, PSTK, SALE; Industry classification	年频与季频；最终按 datadate 取较新的非空值。	Annual and quarterly; the final output uses the newer non-null value by datadate.	年频与季频结果均在 CIZ 中对齐；最终比较 datadate，取较新的可用值。	CIZ aligns both annual and quarterly results, then selects the newer available value by datadate.	EquityChars CIZ · accounting.py · L1101, L1749	https://github.com/Yuning598/EquityChars/blob/9a0fa72d0b2dd688b7bcb72e52ce1f31fc33a627/chars_ciz/accounting.py#L1101	equitychars_ciz_code	9a0fa72d0b2dd688b7bcb72e52ce1f31fc33a627	chars_ciz/accounting.py	1101,1749	年频与季频；最终按 datadate 取较新的非空值。	Annual and quarterly; the final output uses the newer non-null value by datadate.	https://github.com/Yuning598/EquityChars/blob/9a0fa72d0b2dd688b7bcb72e52ce1f31fc33a627/chars_ciz/impute_rank_output.py#L85	公式按 chars_ciz 代码转写。年频与季频同时可用时，最终输出按 datadate 选择较新的非空值。	Formula transcribed from chars_ciz. When annual and quarterly values both exist, final output selects the newer non-null value by datadate.
chcsho	\(\displaystyle \mathrm{CHCSHO}_{i,t}=\frac{\mathrm{CSHO}_{i,t}}{\mathrm{CSHO}_{i,t-1}}-1\)	-1	Compustat: CSHO	年频与季频；最终按 datadate 取较新的非空值。	Annual and quarterly; the final output uses the newer non-null value by datadate.	年频与季频结果均在 CIZ 中对齐；最终比较 datadate，取较新的可用值。	CIZ aligns both annual and quarterly results, then selects the newer available value by datadate.	EquityChars CIZ · accounting.py · L536, L1577	https://github.com/Yuning598/EquityChars/blob/9a0fa72d0b2dd688b7bcb72e52ce1f31fc33a627/chars_ciz/accounting.py#L536	equitychars_ciz_code	9a0fa72d0b2dd688b7bcb72e52ce1f31fc33a627	chars_ciz/accounting.py	536,1577	年频与季频；最终按 datadate 取较新的非空值。	Annual and quarterly; the final output uses the newer non-null value by datadate.	https://github.com/Yuning598/EquityChars/blob/9a0fa72d0b2dd688b7bcb72e52ce1f31fc33a627/chars_ciz/impute_rank_output.py#L85	公式按 chars_ciz 代码转写。年频与季频同时可用时，最终输出按 datadate 选择较新的非空值。	Formula transcribed from chars_ciz. When annual and quarterly values both exist, final output selects the newer non-null value by datadate.
chempia	\(\displaystyle \mathrm{HIRE}_{i,t}=\begin{cases} (\mathrm{EMP}_{i,t}-\mathrm{EMP}_{i,t-1})/\mathrm{EMP}_{i,t-1}, & \text{available},\\ 0, & \text{otherwise}, \end{cases}\quad \mathrm{CHEMPIA}_{i,t}=\mathrm{HIRE}_{i,t}-\overline{\mathrm{HIRE}}_{\mathrm{industry},t}\)	-1	Compustat: EMP; Industry classification	年频。	Annual.	按 chars_ciz 年频 jdate 对齐；未另行添加页面假设。	Aligned by the chars_ciz annual jdate rule; the page adds no extra assumption.	EquityChars CIZ · accounting.py · L1077	https://github.com/Yuning598/EquityChars/blob/9a0fa72d0b2dd688b7bcb72e52ce1f31fc33a627/chars_ciz/accounting.py#L1077	equitychars_ciz_code	9a0fa72d0b2dd688b7bcb72e52ce1f31fc33a627	chars_ciz/accounting.py	1077	年频。	Annual.		公式按 chars_ciz 代码转写，不采用旧版 SIZ 口径。	Formula transcribed from chars_ciz; the legacy SIZ definition is not used.
chinv	\(\displaystyle \mathrm{CHINV}_{i,t}=\frac{\mathrm{INVT}_{i,t}-\mathrm{INVT}_{i,t-1}}{\tfrac12(\mathrm{AT}_{i,t}+\mathrm{AT}_{i,t-1})}\)		Compustat: INVT, AT	年频。	Annual.	按 chars_ciz 年频 jdate 对齐；未另行添加页面假设。	Aligned by the chars_ciz annual jdate rule; the page adds no extra assumption.	EquityChars CIZ · accounting.py · L691	https://github.com/Yuning598/EquityChars/blob/9a0fa72d0b2dd688b7bcb72e52ce1f31fc33a627/chars_ciz/accounting.py#L691	equitychars_ciz_code	9a0fa72d0b2dd688b7bcb72e52ce1f31fc33a627	chars_ciz/accounting.py	691	年频。	Annual.		公式按 chars_ciz 代码转写，不采用旧版 SIZ 口径。	Formula transcribed from chars_ciz; the legacy SIZ definition is not used.
chmom	\(\displaystyle \mathrm{CHMOM}_{i,t}=\left[\prod_{k=1}^{6}(1+\mathrm{RET}_{i,t-k})-1\right]-\left[\prod_{k=7}^{12}(1+\mathrm{RET}_{i,t-k})-1\right]\)	H-L	CRSP monthly: RET	月频；最近六个月（t−6 至 t−1）累计收益减去此前六个月（t−12 至 t−7）累计收益。	Monthly; cumulative return over t−6 to t−1 minus cumulative return over t−12 to t−7.	不适用；该特征仅使用月度收益。	Not applicable; the characteristic uses monthly returns only.	经审计的文献定义 · Gettleman and Marks (2006)	https://papers.ssrn.com/sol3/papers.cfm?abstract_id=802724	literature_audit_override				月频收益信号；无会计数据频率。	Monthly return signal; no accounting-data frequency.		CIZ 明确未纳入 Gettleman and Marks (2006)。因此不得把 chmom 归到 chars_ciz/accounting.py，也不得把二元反转指标 MomRev 视为该信号的实现。	CIZ explicitly omits Gettleman and Marks (2006). Accordingly, chmom must not be attributed to chars_ciz/accounting.py, and the binary MomRev indicator is not an implementation of this signal.
chpmia	\(\displaystyle \mathrm{PM}_{i,t}=\frac{\mathrm{IB}_{i,t}}{\mathrm{SALE}_{i,t}},\quad \Delta\mathrm{PM}_{i,t}=\mathrm{PM}_{i,t}-\mathrm{PM}_{i,t-1},\quad \mathrm{CHPMIA}_{i,t}=\Delta\mathrm{PM}_{i,t}-\overline{\Delta\mathrm{PM}}_{\mathrm{industry},t}\)		Compustat: IB, SALE; industry classification	年频。	Annual.	按 chars_ciz 年频 jdate 对齐；未另行添加页面假设。	Aligned by the chars_ciz annual jdate rule; the page adds no extra assumption.	EquityChars CIZ · accounting.py · L1089	https://github.com/Yuning598/EquityChars/blob/9a0fa72d0b2dd688b7bcb72e52ce1f31fc33a627/chars_ciz/accounting.py#L1089	equitychars_ciz_code	9a0fa72d0b2dd688b7bcb72e52ce1f31fc33a627	chars_ciz/accounting.py	1089	年频。	Annual.		公式按 chars_ciz 代码转写，不采用旧版 SIZ 口径。	Formula transcribed from chars_ciz; the legacy SIZ definition is not used.
chtx	\(\displaystyle \mathrm{CHTX}_{i,t}=\frac{\mathrm{TXT}_{i,t}-\mathrm{TXT}_{i,t-1}}{\mathrm{AT}_{i,t-1}}\)	+1	Compustat: AT, TXT	年频与季频；最终按 datadate 取较新的非空值。	Annual and quarterly; the final output uses the newer non-null value by datadate.	年频与季频结果均在 CIZ 中对齐；最终比较 datadate，取较新的可用值。	CIZ aligns both annual and quarterly results, then selects the newer available value by datadate.	EquityChars CIZ · accounting.py · L583, L1468	https://github.com/Yuning598/EquityChars/blob/9a0fa72d0b2dd688b7bcb72e52ce1f31fc33a627/chars_ciz/accounting.py#L583	equitychars_ciz_code	9a0fa72d0b2dd688b7bcb72e52ce1f31fc33a627	chars_ciz/accounting.py	583,1468	年频与季频；最终按 datadate 取较新的非空值。	Annual and quarterly; the final output uses the newer non-null value by datadate.	https://github.com/Yuning598/EquityChars/blob/9a0fa72d0b2dd688b7bcb72e52ce1f31fc33a627/chars_ciz/impute_rank_output.py#L85	公式按 chars_ciz 代码转写。年频与季频同时可用时，最终输出按 datadate 选择较新的非空值。	Formula transcribed from chars_ciz. When annual and quarterly values both exist, final output selects the newer non-null value by datadate.
cinvest	\(\displaystyle \mathrm{CINVEST}_{i,t}= \frac{\mathrm{PPENTQ}_{i,t}-\mathrm{PPENTQ}_{i,t-1}}{\mathrm{SALEQ}_{i,t}} -\frac{1}{3}\sum_{k=1}^{3} \frac{\mathrm{PPENTQ}_{i,t-k}-\mathrm{PPENTQ}_{i,t-k-1}}{\mathrm{SALEQ}_{i,t-k}}\)	-1	Compustat: PPENTQ, SALEQ	季频。	Quarterly.	按 chars_ciz 的季度或事件日期对齐；未另行添加页面假设。	Aligned by the chars_ciz quarterly or event-date rule; the page adds no extra assumption.	EquityChars CIZ · accounting.py · L1947, L1965	https://github.com/Yuning598/EquityChars/blob/9a0fa72d0b2dd688b7bcb72e52ce1f31fc33a627/chars_ciz/accounting.py#L1947	equitychars_ciz_code	9a0fa72d0b2dd688b7bcb72e52ce1f31fc33a627	chars_ciz/accounting.py	1947,1965	季频。	Quarterly.		公式按 chars_ciz 代码转写，不采用旧版 SIZ 口径。	Formula transcribed from chars_ciz; the legacy SIZ definition is not used.
convind	\(\displaystyle \mathrm{CONVIND}_{i,t}=\mathbf{1}\{\mathrm{DC}_{i,t}>0\ \lor\ \mathrm{CSHRC}_{i,t}>0\}\)		Compustat: DC, CSHRC	年频。	Annual.	按 chars_ciz 年频 jdate 对齐；未另行添加页面假设。	Aligned by the chars_ciz annual jdate rule; the page adds no extra assumption.	EquityChars CIZ · accounting.py · L933	https://github.com/Yuning598/EquityChars/blob/9a0fa72d0b2dd688b7bcb72e52ce1f31fc33a627/chars_ciz/accounting.py#L933	equitychars_ciz_code	9a0fa72d0b2dd688b7bcb72e52ce1f31fc33a627	chars_ciz/accounting.py	933	年频。	Annual.		公式按 chars_ciz 代码转写，不采用旧版 SIZ 口径。	Formula transcribed from chars_ciz; the legacy SIZ definition is not used.
currat	\(\displaystyle \mathrm{CURRAT}_{i,t}=\frac{\mathrm{ACT}_{i,t}}{\mathrm{LCT}_{i,t}}\)		Compustat: ACT, LCT	年频。	Annual.	按 chars_ciz 年频 jdate 对齐；未另行添加页面假设。	Aligned by the chars_ciz annual jdate rule; the page adds no extra assumption.	EquityChars CIZ · accounting.py · L801	https://github.com/Yuning598/EquityChars/blob/9a0fa72d0b2dd688b7bcb72e52ce1f31fc33a627/chars_ciz/accounting.py#L801	equitychars_ciz_code	9a0fa72d0b2dd688b7bcb72e52ce1f31fc33a627	chars_ciz/accounting.py	801	年频。	Annual.		公式按 chars_ciz 代码转写，不采用旧版 SIZ 口径。	Formula transcribed from chars_ciz; the legacy SIZ definition is not used.
depr	\(\displaystyle \mathrm{DEPR}_{i,t}=\frac{\mathrm{DP}_{i,t}}{\mathrm{PPENT}_{i,t}}\)	+1	Compustat: DP, PPENT	年频与季频；最终按 datadate 取较新的非空值。	Annual and quarterly; the final output uses the newer non-null value by datadate.	年频与季频结果均在 CIZ 中对齐；最终比较 datadate，取较新的可用值。	CIZ aligns both annual and quarterly results, then selects the newer available value by datadate.	EquityChars CIZ · accounting.py · L613, L1681	https://github.com/Yuning598/EquityChars/blob/9a0fa72d0b2dd688b7bcb72e52ce1f31fc33a627/chars_ciz/accounting.py#L613	equitychars_ciz_code	9a0fa72d0b2dd688b7bcb72e52ce1f31fc33a627	chars_ciz/accounting.py	613,1681	年频与季频；最终按 datadate 取较新的非空值。	Annual and quarterly; the final output uses the newer non-null value by datadate.	https://github.com/Yuning598/EquityChars/blob/9a0fa72d0b2dd688b7bcb72e52ce1f31fc33a627/chars_ciz/impute_rank_output.py#L85	公式按 chars_ciz 代码转写。年频与季频同时可用时，最终输出按 datadate 选择较新的非空值。	Formula transcribed from chars_ciz. When annual and quarterly values both exist, final output selects the newer non-null value by datadate.
divi	\(\displaystyle \mathrm{DIVI}_{i,t}=\mathbf{1}\{\mathrm{DVT}_{i,t}>0\ \land\ (\mathrm{DVT}_{i,t-1}=0\ \lor\ \mathrm{DVT}_{i,t-1}\text{ missing})\}\)		Compustat: DVT	年频。	Annual.	按 chars_ciz 年频 jdate 对齐；未另行添加页面假设。	Aligned by the chars_ciz annual jdate rule; the page adds no extra assumption.	EquityChars CIZ · accounting.py · L1116	https://github.com/Yuning598/EquityChars/blob/9a0fa72d0b2dd688b7bcb72e52ce1f31fc33a627/chars_ciz/accounting.py#L1116	equitychars_ciz_code	9a0fa72d0b2dd688b7bcb72e52ce1f31fc33a627	chars_ciz/accounting.py	1116	年频。	Annual.		公式按 chars_ciz 代码转写，不采用旧版 SIZ 口径。	Formula transcribed from chars_ciz; the legacy SIZ definition is not used.
divo	\(\displaystyle \mathrm{DIVO}_{i,t}=\mathbf{1}\{(\mathrm{DVT}_{i,t}=0\ \lor\ \mathrm{DVT}_{i,t}\text{ missing})\ \land\ \mathrm{DVT}_{i,t-1}>0\}\)		Compustat: DVT	年频。	Annual.	按 chars_ciz 年频 jdate 对齐；未另行添加页面假设。	Aligned by the chars_ciz annual jdate rule; the page adds no extra assumption.	EquityChars CIZ · accounting.py · L1129	https://github.com/Yuning598/EquityChars/blob/9a0fa72d0b2dd688b7bcb72e52ce1f31fc33a627/chars_ciz/accounting.py#L1129	equitychars_ciz_code	9a0fa72d0b2dd688b7bcb72e52ce1f31fc33a627	chars_ciz/accounting.py	1129	年频。	Annual.		公式按 chars_ciz 代码转写，不采用旧版 SIZ 口径。	Formula transcribed from chars_ciz; the legacy SIZ definition is not used.
dolvol	\(\displaystyle \mathrm{DOLVOL}_{i,t}=\log(\mathrm{VOL}_{i,t-2}\,\mathrm{PRC}_{i,t-2})\)	-1	CRSP: PRC, VOL	月频。	Monthly.	信号在 t 月形成；最终输出将收益移至 t+1 月。	The signal is formed at month t; final output shifts the return to month t+1.	EquityChars CIZ · accounting.py · L2146	https://github.com/Yuning598/EquityChars/blob/9a0fa72d0b2dd688b7bcb72e52ce1f31fc33a627/chars_ciz/accounting.py#L2146	equitychars_ciz_code	9a0fa72d0b2dd688b7bcb72e52ce1f31fc33a627	chars_ciz/accounting.py	2146	月频。	Monthly.		公式按 chars_ciz 代码转写，不采用旧版 SIZ 口径。	Formula transcribed from chars_ciz; the legacy SIZ definition is not used.
egr	\(\displaystyle \mathrm{EGR}^{A}_{i,t}=\frac{\mathrm{CEQ}_{i,t}-\mathrm{CEQ}_{i,t-1}}{\mathrm{CEQ}_{i,t-1}},\quad \mathrm{EGR}^{Q}_{i,t}=\frac{\mathrm{CEQQ}_{i,t}-\mathrm{CEQQ}_{i,t-4}}{\mathrm{CEQQ}_{i,t-4}}\)		Compustat: CEQ, CEQQ	年频与季频；最终按 datadate 取较新的非空值。	Annual and quarterly; the final output uses the newer non-null value by datadate.	年频与季频结果均在 CIZ 中对齐；最终比较 datadate，取较新的可用值。	CIZ aligns both annual and quarterly results, then selects the newer available value by datadate.	EquityChars CIZ · accounting.py · L641, L1689	https://github.com/Yuning598/EquityChars/blob/9a0fa72d0b2dd688b7bcb72e52ce1f31fc33a627/chars_ciz/accounting.py#L641	equitychars_ciz_code	9a0fa72d0b2dd688b7bcb72e52ce1f31fc33a627	chars_ciz/accounting.py	641,1689	年频与季频；最终按 datadate 取较新的非空值。	Annual and quarterly; the final output uses the newer non-null value by datadate.	https://github.com/Yuning598/EquityChars/blob/9a0fa72d0b2dd688b7bcb72e52ce1f31fc33a627/chars_ciz/impute_rank_output.py#L85	公式按 chars_ciz 代码转写。年频与季频同时可用时，最终输出按 datadate 选择较新的非空值。	Formula transcribed from chars_ciz. When annual and quarterly values both exist, final output selects the newer non-null value by datadate.
ep	\(\displaystyle \mathrm{EP}_{i,t}=\frac{\mathrm{IB}_{i,t}}{\mathrm{ME}_{i,t}}\)	+1	Compustat: IB	年频与季频；最终按 datadate 取较新的非空值。	Annual and quarterly; the final output uses the newer non-null value by datadate.	年频与季频结果均在 CIZ 中对齐；最终比较 datadate，取较新的可用值。	CIZ aligns both annual and quarterly results, then selects the newer available value by datadate.	EquityChars CIZ · accounting.py · L2303, L2425	https://github.com/Yuning598/EquityChars/blob/9a0fa72d0b2dd688b7bcb72e52ce1f31fc33a627/chars_ciz/accounting.py#L2303	equitychars_ciz_code	9a0fa72d0b2dd688b7bcb72e52ce1f31fc33a627	chars_ciz/accounting.py	2303,2425	年频与季频；最终按 datadate 取较新的非空值。	Annual and quarterly; the final output uses the newer non-null value by datadate.	https://github.com/Yuning598/EquityChars/blob/9a0fa72d0b2dd688b7bcb72e52ce1f31fc33a627/chars_ciz/impute_rank_output.py#L85	公式按 chars_ciz 代码转写。年频与季频同时可用时，最终输出按 datadate 选择较新的非空值。	Formula transcribed from chars_ciz. When annual and quarterly values both exist, final output selects the newer non-null value by datadate.
gma	\(\displaystyle \mathrm{GMA}_{i,t}=\frac{\mathrm{REVT}_{i,t}-\mathrm{COGS}_{i,t}}{\mathrm{AT}_{i,t-1}}\)	+1	Compustat: AT, COGS, REVT	年频与季频；最终按 datadate 取较新的非空值。	Annual and quarterly; the final output uses the newer non-null value by datadate.	年频与季频结果均在 CIZ 中对齐；最终比较 datadate，取较新的可用值。	CIZ aligns both annual and quarterly results, then selects the newer available value by datadate.	EquityChars CIZ · accounting.py · L531, L1624	https://github.com/Yuning598/EquityChars/blob/9a0fa72d0b2dd688b7bcb72e52ce1f31fc33a627/chars_ciz/accounting.py#L531	equitychars_ciz_code	9a0fa72d0b2dd688b7bcb72e52ce1f31fc33a627	chars_ciz/accounting.py	531,1624	年频与季频；最终按 datadate 取较新的非空值。	Annual and quarterly; the final output uses the newer non-null value by datadate.	https://github.com/Yuning598/EquityChars/blob/9a0fa72d0b2dd688b7bcb72e52ce1f31fc33a627/chars_ciz/impute_rank_output.py#L85	公式按 chars_ciz 代码转写。年频与季频同时可用时，最终输出按 datadate 选择较新的非空值。	Formula transcribed from chars_ciz. When annual and quarterly values both exist, final output selects the newer non-null value by datadate.
grcapx	\(\displaystyle \mathrm{GRCAPX}_{i,t}=\frac{\mathrm{CAPX}_{i,t}-\mathrm{CAPX}_{i,t-2}}{\mathrm{CAPX}_{i,t-2}}\)		Compustat: CAPX	年频。	Annual.	按 chars_ciz 年频 jdate 对齐；未另行添加页面假设。	Aligned by the chars_ciz annual jdate rule; the page adds no extra assumption.	EquityChars CIZ · accounting.py · L778	https://github.com/Yuning598/EquityChars/blob/9a0fa72d0b2dd688b7bcb72e52ce1f31fc33a627/chars_ciz/accounting.py#L778	equitychars_ciz_code	9a0fa72d0b2dd688b7bcb72e52ce1f31fc33a627	chars_ciz/accounting.py	778	年频。	Annual.		公式按 chars_ciz 代码转写，不采用旧版 SIZ 口径。	Formula transcribed from chars_ciz; the legacy SIZ definition is not used.
grltnoa	\(\displaystyle \begin{aligned} \mathrm{LTNOA}_{i,t}&=(\mathrm{RECT}_{i,t}+\mathrm{INVT}_{i,t}+\mathrm{PPENT}_{i,t}+\mathrm{ACO}_{i,t}+\mathrm{INTAN}_{i,t}+\mathrm{AO}_{i,t})\\ &\quad-(\mathrm{AP}_{i,t}+\mathrm{LCO}_{i,t}+\mathrm{LO}_{i,t}),\\ \Delta\mathrm{WCNOA}_{i,t}&=(\mathrm{RECT}_{i,t}-\mathrm{RECT}_{i,t-1})+(\mathrm{INVT}_{i,t}-\mathrm{INVT}_{i,t-1})+(\mathrm{ACO}_{i,t}-\mathrm{ACO}_{i,t-1})\\ &\quad-(\mathrm{AP}_{i,t}-\mathrm{AP}_{i,t-1})-(\mathrm{LCO}_{i,t}-\mathrm{LCO}_{i,t-1}),\\ \mathrm{GRLTNOA}_{i,t}&= \frac{\mathrm{LTNOA}_{i,t}}{\mathrm{AT}_{i,t}} -\frac{\mathrm{LTNOA}_{i,t-1}}{\mathrm{AT}_{i,t-1}} -\frac{\Delta\mathrm{WCNOA}_{i,t}}{\frac{1}{2}(\mathrm{AT}_{i,t}+\mathrm{AT}_{i,t-1})}. \end{aligned}\)	+1	Compustat: ACO, AO, AP, AT, INTAN, INVT, LCO, LO, PPENT, RECT	年频与季频；最终按 datadate 取较新的非空值。	Annual and quarterly; the final output uses the newer non-null value by datadate.	年频与季频结果均在 CIZ 中对齐；最终比较 datadate，取较新的可用值。	CIZ aligns both annual and quarterly results, then selects the newer available value by datadate.	EquityChars CIZ · accounting.py · L917, L1826	https://github.com/Yuning598/EquityChars/blob/9a0fa72d0b2dd688b7bcb72e52ce1f31fc33a627/chars_ciz/accounting.py#L917	equitychars_ciz_code	9a0fa72d0b2dd688b7bcb72e52ce1f31fc33a627	chars_ciz/accounting.py	917,1826	年频与季频；最终按 datadate 取较新的非空值。	Annual and quarterly; the final output uses the newer non-null value by datadate.	https://github.com/Yuning598/EquityChars/blob/9a0fa72d0b2dd688b7bcb72e52ce1f31fc33a627/chars_ciz/impute_rank_output.py#L85	公式按 chars_ciz 代码转写。年频与季频同时可用时，最终输出按 datadate 选择较新的非空值。	Formula transcribed from chars_ciz. When annual and quarterly values both exist, final output selects the newer non-null value by datadate.
herf	\(\displaystyle S_{j,t}=\sum_{i\in j}\mathrm{SALE}_{i,t},\quad \mathrm{HERF}_{j,t}=\sum_{i\in j}\left(\frac{\mathrm{SALE}_{i,t}}{S_{j,t}}\right)^2\)	-1	Compustat: SALE	年频。	Annual.	按 chars_ciz 年频 jdate 对齐；未另行添加页面假设。	Aligned by the chars_ciz annual jdate rule; the page adds no extra assumption.	EquityChars CIZ · accounting.py · L1049	https://github.com/Yuning598/EquityChars/blob/9a0fa72d0b2dd688b7bcb72e52ce1f31fc33a627/chars_ciz/accounting.py#L1049	equitychars_ciz_code	9a0fa72d0b2dd688b7bcb72e52ce1f31fc33a627	chars_ciz/accounting.py	1049	年频。	Annual.		公式按 chars_ciz 代码转写，不采用旧版 SIZ 口径。	Formula transcribed from chars_ciz; the legacy SIZ definition is not used.
hire	\(\displaystyle \mathrm{HIRE}_{i,t}=\begin{cases}(\mathrm{EMP}_{i,t}-\mathrm{EMP}_{i,t-1})/\mathrm{EMP}_{i,t-1},&\mathrm{EMP}_{i,t},\mathrm{EMP}_{i,t-1}\text{ available},\\0,&\text{otherwise}.\end{cases}\)	-1	Compustat: EMP	年频。	Annual.	按 chars_ciz 年频 jdate 对齐；未另行添加页面假设。	Aligned by the chars_ciz annual jdate rule; the page adds no extra assumption.	EquityChars CIZ · accounting.py · L1028, L1035	https://github.com/Yuning598/EquityChars/blob/9a0fa72d0b2dd688b7bcb72e52ce1f31fc33a627/chars_ciz/accounting.py#L1028	equitychars_ciz_code	9a0fa72d0b2dd688b7bcb72e52ce1f31fc33a627	chars_ciz/accounting.py	1028,1035	年频。	Annual.		公式按 chars_ciz 代码转写，不采用旧版 SIZ 口径。	Formula transcribed from chars_ciz; the legacy SIZ definition is not used.
ill	\(\displaystyle \mathrm{ILL}_{i,t}=\operatorname{Mean}_{d\in W_t}\left(\frac{|\mathrm{RET}_{i,d}|}{|\mathrm{PRC}_{i,d}|\,\mathrm{VOL}_{i,d}}\right)\)	+1	CRSP: PRC, RET, VOL	日频输入；滚动 3 个月，至少 21 个观测。	Daily inputs; rolling three months with at least 21 observations.	信号在 t 月形成；最终输出将收益移至 t+1 月。	The signal is formed at month t; final output shifts the return to month t+1.	EquityChars CIZ · rolling_chars.py · L228	https://github.com/Yuning598/EquityChars/blob/9a0fa72d0b2dd688b7bcb72e52ce1f31fc33a627/chars_ciz/rolling_chars.py#L228	equitychars_ciz_code	9a0fa72d0b2dd688b7bcb72e52ce1f31fc33a627	chars_ciz/rolling_chars.py	228	日频输入；滚动 3 个月，至少 21 个观测。	Daily inputs; rolling three months with at least 21 observations.		公式按 chars_ciz 代码转写，不采用旧版 SIZ 口径。	Formula transcribed from chars_ciz; the legacy SIZ definition is not used.
indmom	\(\displaystyle \mathrm{INDMOM}_{i,t}=\frac{\sum_{j:\mathrm{FFI49}_j=\mathrm{FFI49}_i}\mathrm{ME}_{j,t}\,\mathrm{MOM6M}_{j,t}}{\sum_{j:\mathrm{FFI49}_j=\mathrm{FFI49}_i}\mathrm{ME}_{j,t}}\)		Fama–French 49 industry	月频。	Monthly.	信号在 t 月形成；最终输出将收益移至 t+1 月。	The signal is formed at month t; final output shifts the return to month t+1.	EquityChars CIZ · accounting.py · L2361, L2477	https://github.com/Yuning598/EquityChars/blob/9a0fa72d0b2dd688b7bcb72e52ce1f31fc33a627/chars_ciz/accounting.py#L2361	equitychars_ciz_code	9a0fa72d0b2dd688b7bcb72e52ce1f31fc33a627	chars_ciz/accounting.py	2361,2477	月频。	Monthly.		公式按 chars_ciz 代码转写，不采用旧版 SIZ 口径。	Formula transcribed from chars_ciz; the legacy SIZ definition is not used.
invest	\(\displaystyle \mathrm{INVEST}_{i,t}=\frac{\Delta\mathrm{PPEGT}_{i,t}+\Delta\mathrm{INVT}_{i,t}}{\mathrm{AT}_{i,t-1}},\quad \mathrm{PPEGT}\leftarrow\mathrm{PPENT}\ \text{if PPEGT is missing}\)		Compustat: PPEGT, PPENT, INVT, AT	年频与季频；最终按 datadate 取较新的非空值。	Annual and quarterly; the final output uses the newer non-null value by datadate.	年频与季频结果均在 CIZ 中对齐；最终比较 datadate，取较新的可用值。	CIZ aligns both annual and quarterly results, then selects the newer available value by datadate.	EquityChars CIZ · accounting.py · L633, L1666	https://github.com/Yuning598/EquityChars/blob/9a0fa72d0b2dd688b7bcb72e52ce1f31fc33a627/chars_ciz/accounting.py#L633	equitychars_ciz_code	9a0fa72d0b2dd688b7bcb72e52ce1f31fc33a627	chars_ciz/accounting.py	633,1666	年频与季频；最终按 datadate 取较新的非空值。	Annual and quarterly; the final output uses the newer non-null value by datadate.	https://github.com/Yuning598/EquityChars/blob/9a0fa72d0b2dd688b7bcb72e52ce1f31fc33a627/chars_ciz/impute_rank_output.py#L85	公式按 chars_ciz 代码转写。年频与季频同时可用时，最终输出按 datadate 选择较新的非空值。	Formula transcribed from chars_ciz. When annual and quarterly values both exist, final output selects the newer non-null value by datadate.
lev	\(\displaystyle \mathrm{LEV}_{i,t}=\frac{\mathrm{LT}_{i,t}}{\mathrm{ME}_{i,t}}\)	+1	Compustat: LT	年频与季频；最终按 datadate 取较新的非空值。	Annual and quarterly; the final output uses the newer non-null value by datadate.	年频与季频结果均在 CIZ 中对齐；最终比较 datadate，取较新的可用值。	CIZ aligns both annual and quarterly results, then selects the newer available value by datadate.	EquityChars CIZ · accounting.py · L2313, L2430	https://github.com/Yuning598/EquityChars/blob/9a0fa72d0b2dd688b7bcb72e52ce1f31fc33a627/chars_ciz/accounting.py#L2313	equitychars_ciz_code	9a0fa72d0b2dd688b7bcb72e52ce1f31fc33a627	chars_ciz/accounting.py	2313,2430	年频与季频；最终按 datadate 取较新的非空值。	Annual and quarterly; the final output uses the newer non-null value by datadate.	https://github.com/Yuning598/EquityChars/blob/9a0fa72d0b2dd688b7bcb72e52ce1f31fc33a627/chars_ciz/impute_rank_output.py#L85	公式按 chars_ciz 代码转写。年频与季频同时可用时，最终输出按 datadate 选择较新的非空值。	Formula transcribed from chars_ciz. When annual and quarterly values both exist, final output selects the newer non-null value by datadate.
lgr	\(\displaystyle \mathrm{LGR}_{i,t}=\frac{\mathrm{LT}_{i,t}}{\mathrm{LT}_{i,t-1}}-1\)	-1	Compustat: LT	年频与季频；最终按 datadate 取较新的非空值。	Annual and quarterly; the final output uses the newer non-null value by datadate.	年频与季频结果均在 CIZ 中对齐；最终比较 datadate，取较新的可用值。	CIZ aligns both annual and quarterly results, then selects the newer available value by datadate.	EquityChars CIZ · accounting.py · L545, L1676	https://github.com/Yuning598/EquityChars/blob/9a0fa72d0b2dd688b7bcb72e52ce1f31fc33a627/chars_ciz/accounting.py#L545	equitychars_ciz_code	9a0fa72d0b2dd688b7bcb72e52ce1f31fc33a627	chars_ciz/accounting.py	545,1676	年频与季频；最终按 datadate 取较新的非空值。	Annual and quarterly; the final output uses the newer non-null value by datadate.	https://github.com/Yuning598/EquityChars/blob/9a0fa72d0b2dd688b7bcb72e52ce1f31fc33a627/chars_ciz/impute_rank_output.py#L85	公式按 chars_ciz 代码转写。年频与季频同时可用时，最终输出按 datadate 选择较新的非空值。	Formula transcribed from chars_ciz. When annual and quarterly values both exist, final output selects the newer non-null value by datadate.
maxret	\(\displaystyle \mathrm{MAXRET}_{i,t}=\max_{d\in D_t}\mathrm{RET}_{i,d}\)	-1	CRSP: RET	日频输入；滚动 3 个月，至少 21 个观测。	Daily inputs; rolling three months with at least 21 observations.	信号在 t 月形成；最终输出将收益移至 t+1 月。	The signal is formed at month t; final output shifts the return to month t+1.	EquityChars CIZ · rolling_chars.py · L129	https://github.com/Yuning598/EquityChars/blob/9a0fa72d0b2dd688b7bcb72e52ce1f31fc33a627/chars_ciz/rolling_chars.py#L129	equitychars_ciz_code	9a0fa72d0b2dd688b7bcb72e52ce1f31fc33a627	chars_ciz/rolling_chars.py	129	日频输入；滚动 3 个月，至少 21 个观测。	Daily inputs; rolling three months with at least 21 observations.		公式按 chars_ciz 代码转写，不采用旧版 SIZ 口径。	Formula transcribed from chars_ciz; the legacy SIZ definition is not used.
me	\(\displaystyle \mathrm{ME}_{c,t}=\frac{1}{1000}\sum_{s\in c}|\mathrm{PRC}_{s,t}|\,\mathrm{SHROUT}_{s,t}\)	-1	CRSP: PRC, SHROUT	月频。	Monthly.	信号在 t 月形成；最终输出将收益移至 t+1 月。	The signal is formed at month t; final output shifts the return to month t+1.	EquityChars CIZ · accounting.py · L162, L185, L2079	https://github.com/Yuning598/EquityChars/blob/9a0fa72d0b2dd688b7bcb72e52ce1f31fc33a627/chars_ciz/accounting.py#L162	equitychars_ciz_code	9a0fa72d0b2dd688b7bcb72e52ce1f31fc33a627	chars_ciz/accounting.py	162,185,2079	月频。	Monthly.		公式按 chars_ciz 代码转写，不采用旧版 SIZ 口径。	Formula transcribed from chars_ciz; the legacy SIZ definition is not used.
me_ia	\(\displaystyle \mathrm{ME\_IA}_{i,t}=\mathrm{ME}_{i,t}-\overline{\mathrm{ME}}_{\mathrm{industry},t}\)	-1	Industry classification	年频与季频；最终按 datadate 取较新的非空值。	Annual and quarterly; the final output uses the newer non-null value by datadate.	年频与季频结果均在 CIZ 中对齐；最终比较 datadate，取较新的可用值。	CIZ aligns both annual and quarterly results, then selects the newer available value by datadate.	EquityChars CIZ · accounting.py · L2280, L2404	https://github.com/Yuning598/EquityChars/blob/9a0fa72d0b2dd688b7bcb72e52ce1f31fc33a627/chars_ciz/accounting.py#L2280	equitychars_ciz_code	9a0fa72d0b2dd688b7bcb72e52ce1f31fc33a627	chars_ciz/accounting.py	2280,2404	年频与季频；最终按 datadate 取较新的非空值。	Annual and quarterly; the final output uses the newer non-null value by datadate.	https://github.com/Yuning598/EquityChars/blob/9a0fa72d0b2dd688b7bcb72e52ce1f31fc33a627/chars_ciz/impute_rank_output.py#L85	公式按 chars_ciz 代码转写。年频与季频同时可用时，最终输出按 datadate 选择较新的非空值。	Formula transcribed from chars_ciz. When annual and quarterly values both exist, final output selects the newer non-null value by datadate.
mom12m	\(\displaystyle \mathrm{MOM12M}_{i,t}=\prod_{k=1}^{12}(1+\mathrm{RET}_{i,t-k})-1\)	+1	CRSP: RET	月频；收益滞后 1–12 月。	Monthly; return lags 1–12.	信号在 t 月形成；最终输出将收益移至 t+1 月。	The signal is formed at month t; final output shifts the return to month t+1.	EquityChars CIZ · accounting.py · L2128	https://github.com/Yuning598/EquityChars/blob/9a0fa72d0b2dd688b7bcb72e52ce1f31fc33a627/chars_ciz/accounting.py#L2128	equitychars_ciz_code	9a0fa72d0b2dd688b7bcb72e52ce1f31fc33a627	chars_ciz/accounting.py	2128	月频。	Monthly.		公式按 chars_ciz 代码转写，不采用旧版 SIZ 口径。	Formula transcribed from chars_ciz; the legacy SIZ definition is not used.
mom1m	\(\displaystyle \mathrm{MOM1M}_{i,t}=\mathrm{RET}_{i,t}\)	-1	CRSP: RET	月频。	Monthly.	信号在 t 月形成；最终输出将收益移至 t+1 月。	The signal is formed at month t; final output shifts the return to month t+1.	EquityChars CIZ · accounting.py · L2126	https://github.com/Yuning598/EquityChars/blob/9a0fa72d0b2dd688b7bcb72e52ce1f31fc33a627/chars_ciz/accounting.py#L2126	equitychars_ciz_code	9a0fa72d0b2dd688b7bcb72e52ce1f31fc33a627	chars_ciz/accounting.py	2126	月频。	Monthly.		公式按 chars_ciz 代码转写，不采用旧版 SIZ 口径。	Formula transcribed from chars_ciz; the legacy SIZ definition is not used.
mom36m	\(\displaystyle \mathrm{MOM36M}_{i,t}=\prod_{k=13}^{36}(1+\mathrm{RET}_{i,t-k})-1\)	-1	CRSP: RET	月频；收益滞后 13–36 月。	Monthly; return lags 13–36.	信号在 t 月形成；最终输出将收益移至 t+1 月。	The signal is formed at month t; final output shifts the return to month t+1.	EquityChars CIZ · accounting.py · L2129	https://github.com/Yuning598/EquityChars/blob/9a0fa72d0b2dd688b7bcb72e52ce1f31fc33a627/chars_ciz/accounting.py#L2129	equitychars_ciz_code	9a0fa72d0b2dd688b7bcb72e52ce1f31fc33a627	chars_ciz/accounting.py	2129	月频。	Monthly.		公式按 chars_ciz 代码转写，不采用旧版 SIZ 口径。	Formula transcribed from chars_ciz; the legacy SIZ definition is not used.
mom60m	\(\displaystyle \mathrm{MOM60M}_{i,t}=\prod_{k=13}^{60}(1+\mathrm{RET}_{i,t-k})-1\)	-1	CRSP: RET	月频；收益滞后 13–60 月。	Monthly; return lags 13–60.	信号在 t 月形成；最终输出将收益移至 t+1 月。	The signal is formed at month t; final output shifts the return to month t+1.	EquityChars CIZ · accounting.py · L2130	https://github.com/Yuning598/EquityChars/blob/9a0fa72d0b2dd688b7bcb72e52ce1f31fc33a627/chars_ciz/accounting.py#L2130	equitychars_ciz_code	9a0fa72d0b2dd688b7bcb72e52ce1f31fc33a627	chars_ciz/accounting.py	2130	月频。	Monthly.		公式按 chars_ciz 代码转写，不采用旧版 SIZ 口径。	Formula transcribed from chars_ciz; the legacy SIZ definition is not used.
mom6m	\(\displaystyle \mathrm{MOM6M}_{i,t}=\prod_{k=1}^{6}(1+\mathrm{RET}_{i,t-k})-1\)	+1	CRSP: RET	月频；收益滞后 1–6 月。	Monthly; return lags 1–6.	信号在 t 月形成；最终输出将收益移至 t+1 月。	The signal is formed at month t; final output shifts the return to month t+1.	EquityChars CIZ · accounting.py · L2127	https://github.com/Yuning598/EquityChars/blob/9a0fa72d0b2dd688b7bcb72e52ce1f31fc33a627/chars_ciz/accounting.py#L2127	equitychars_ciz_code	9a0fa72d0b2dd688b7bcb72e52ce1f31fc33a627	chars_ciz/accounting.py	2127	月频。	Monthly.		公式按 chars_ciz 代码转写，不采用旧版 SIZ 口径。	Formula transcribed from chars_ciz; the legacy SIZ definition is not used.
ni	\(\displaystyle \mathrm{NI}_{i,t}=\log(\mathrm{CSHO}_{i,t}\mathrm{AJEX}_{i,t}) -\log(\mathrm{CSHO}_{i,t-1}\mathrm{AJEX}_{i,t-1})\)	-1	Compustat: AJEX, CSHO, NI	年频与季频；最终按 datadate 取较新的非空值。	Annual and quarterly; the final output uses the newer non-null value by datadate.	年频与季频结果均在 CIZ 中对齐；最终比较 datadate，取较新的可用值。	CIZ aligns both annual and quarterly results, then selects the newer available value by datadate.	EquityChars CIZ · accounting.py · L485, L1564	https://github.com/Yuning598/EquityChars/blob/9a0fa72d0b2dd688b7bcb72e52ce1f31fc33a627/chars_ciz/accounting.py#L485	equitychars_ciz_code	9a0fa72d0b2dd688b7bcb72e52ce1f31fc33a627	chars_ciz/accounting.py	485,1564	年频与季频；最终按 datadate 取较新的非空值。	Annual and quarterly; the final output uses the newer non-null value by datadate.	https://github.com/Yuning598/EquityChars/blob/9a0fa72d0b2dd688b7bcb72e52ce1f31fc33a627/chars_ciz/impute_rank_output.py#L85	公式按 chars_ciz 代码转写。年频与季频同时可用时，最终输出按 datadate 选择较新的非空值。	Formula transcribed from chars_ciz. When annual and quarterly values both exist, final output selects the newer non-null value by datadate.
nincr	\(\displaystyle I_k=\mathbf{1}\{\mathrm{IBQ}_{i,t-k}>\mathrm{IBQ}_{i,t-k-4}\},\quad \mathrm{NINCR}_{i,t}=\sum_{m=0}^{7}\prod_{k=0}^{m}I_k\)	+1	Compustat: IBQ	季频。	Quarterly.	按 chars_ciz 的季度或事件日期对齐；未另行添加页面假设。	Aligned by the chars_ciz quarterly or event-date rule; the page adds no extra assumption.	EquityChars CIZ · accounting.py · L2011	https://github.com/Yuning598/EquityChars/blob/9a0fa72d0b2dd688b7bcb72e52ce1f31fc33a627/chars_ciz/accounting.py#L2011	equitychars_ciz_code	9a0fa72d0b2dd688b7bcb72e52ce1f31fc33a627	chars_ciz/accounting.py	2011	季频。	Quarterly.		公式按 chars_ciz 代码转写，不采用旧版 SIZ 口径。	Formula transcribed from chars_ciz; the legacy SIZ definition is not used.
noa	\(\displaystyle \mathrm{NOA}_{i,t}= \frac{(\mathrm{AT}_{i,t}-\mathrm{CHE}_{i,t}-\mathrm{IVAO}_{i,t}) -(\mathrm{AT}_{i,t}-\mathrm{DLC}_{i,t}-\mathrm{DLTT}_{i,t}-\mathrm{MIB}_{i,t}-\mathrm{PSTK}_{i,t}-\mathrm{CEQ}_{i,t})} {\mathrm{AT}_{i,t-1}}\)	-1	Compustat: AT, CEQ, CHE, DLC, DLTT, IVAO, MIB, PSTK	年频与季频；最终按 datadate 取较新的非空值。	Annual and quarterly; the final output uses the newer non-null value by datadate.	年频与季频结果均在 CIZ 中对齐；最终比较 datadate，取较新的可用值。	CIZ aligns both annual and quarterly results, then selects the newer available value by datadate.	EquityChars CIZ · accounting.py · L591, L1723	https://github.com/Yuning598/EquityChars/blob/9a0fa72d0b2dd688b7bcb72e52ce1f31fc33a627/chars_ciz/accounting.py#L591	equitychars_ciz_code	9a0fa72d0b2dd688b7bcb72e52ce1f31fc33a627	chars_ciz/accounting.py	591,1723	年频与季频；最终按 datadate 取较新的非空值。	Annual and quarterly; the final output uses the newer non-null value by datadate.	https://github.com/Yuning598/EquityChars/blob/9a0fa72d0b2dd688b7bcb72e52ce1f31fc33a627/chars_ciz/impute_rank_output.py#L85	公式按 chars_ciz 代码转写。年频与季频同时可用时，最终输出按 datadate 选择较新的非空值。	Formula transcribed from chars_ciz. When annual and quarterly values both exist, final output selects the newer non-null value by datadate.
op	\(\displaystyle \mathrm{OP}_{i,t}=\frac{\mathrm{REVT}_{i,t}-\mathrm{COGS}_{i,t}-\mathrm{XSGA}_{i,t}-\mathrm{XINT}_{i,t}}{\mathrm{BE}_{i,t}}\)	+1	Compustat: COGS, REVT, XINT, XSGA	年频与季频；最终按 datadate 取较新的非空值。	Annual and quarterly; the final output uses the newer non-null value by datadate.	年频与季频结果均在 CIZ 中对齐；最终比较 datadate，取较新的可用值。	CIZ aligns both annual and quarterly results, then selects the newer available value by datadate.	EquityChars CIZ · accounting.py · L498, L1572	https://github.com/Yuning598/EquityChars/blob/9a0fa72d0b2dd688b7bcb72e52ce1f31fc33a627/chars_ciz/accounting.py#L498	equitychars_ciz_code	9a0fa72d0b2dd688b7bcb72e52ce1f31fc33a627	chars_ciz/accounting.py	498,1572	年频与季频；最终按 datadate 取较新的非空值。	Annual and quarterly; the final output uses the newer non-null value by datadate.	https://github.com/Yuning598/EquityChars/blob/9a0fa72d0b2dd688b7bcb72e52ce1f31fc33a627/chars_ciz/impute_rank_output.py#L85	公式按 chars_ciz 代码转写。年频与季频同时可用时，最终输出按 datadate 选择较新的非空值。	Formula transcribed from chars_ciz. When annual and quarterly values both exist, final output selects the newer non-null value by datadate.
pchcapx_ia	\(\displaystyle g^{CAPX}_{i,t}=\frac{\mathrm{CAPX}_{i,t}-\mathrm{CAPX}_{i,t-1}}{\mathrm{CAPX}_{i,t-1}},\quad \mathrm{PCHCAPX\_IA}_{i,t}=g^{CAPX}_{i,t}-\overline{g^{CAPX}}_{\mathrm{FFI49}(i),t}\)		Compustat: CAPX; Fama–French 49 industry	年频。	Annual.	按 chars_ciz 年频 jdate 对齐；未另行添加页面假设。	Aligned by the chars_ciz annual jdate rule; the page adds no extra assumption.	EquityChars CIZ · accounting.py · L1187	https://github.com/Yuning598/EquityChars/blob/9a0fa72d0b2dd688b7bcb72e52ce1f31fc33a627/chars_ciz/accounting.py#L1187	equitychars_ciz_code	9a0fa72d0b2dd688b7bcb72e52ce1f31fc33a627	chars_ciz/accounting.py	1187	年频。	Annual.		公式按 chars_ciz 代码转写，不采用旧版 SIZ 口径。	Formula transcribed from chars_ciz; the legacy SIZ definition is not used.
pchcurrat	\(\displaystyle \mathrm{PCHCURRAT}_{i,t}=\frac{\mathrm{CURRAT}_{i,t}-\mathrm{CURRAT}_{i,t-1}}{\mathrm{CURRAT}_{i,t-1}}\)		Compustat: ACT, LCT, CHE, RECT, INVT, AP	年频。	Annual.	按 chars_ciz 年频 jdate 对齐；未另行添加页面假设。	Aligned by the chars_ciz annual jdate rule; the page adds no extra assumption.	EquityChars CIZ · accounting.py · L809	https://github.com/Yuning598/EquityChars/blob/9a0fa72d0b2dd688b7bcb72e52ce1f31fc33a627/chars_ciz/accounting.py#L809	equitychars_ciz_code	9a0fa72d0b2dd688b7bcb72e52ce1f31fc33a627	chars_ciz/accounting.py	809	年频。	Annual.		公式按 chars_ciz 代码转写，不采用旧版 SIZ 口径。	Formula transcribed from chars_ciz; the legacy SIZ definition is not used.
pchdepr	\(\displaystyle \mathrm{PCHDEPR}_{i,t}=\frac{\mathrm{DP}_{i,t}/\mathrm{PPENT}_{i,t}-\mathrm{DP}_{i,t-1}/\mathrm{PPENT}_{i,t-1}}{\mathrm{DP}_{i,t-1}/\mathrm{PPENT}_{i,t-1}}\)		Compustat: DP, PPENT	年频。	Annual.	按 chars_ciz 年频 jdate 对齐；未另行添加页面假设。	Aligned by the chars_ciz annual jdate rule; the page adds no extra assumption.	EquityChars CIZ · accounting.py · L743	https://github.com/Yuning598/EquityChars/blob/9a0fa72d0b2dd688b7bcb72e52ce1f31fc33a627/chars_ciz/accounting.py#L743	equitychars_ciz_code	9a0fa72d0b2dd688b7bcb72e52ce1f31fc33a627	chars_ciz/accounting.py	743	年频。	Annual.		公式按 chars_ciz 代码转写，不采用旧版 SIZ 口径。	Formula transcribed from chars_ciz; the legacy SIZ definition is not used.
pchgm_pchsale	\(\displaystyle \mathrm{PCHGM\_PCHSALE}_{i,t}=\frac{\mathrm{GP}_{i,t}-\mathrm{GP}_{i,t-1}}{\mathrm{GP}_{i,t-1}}-\frac{\mathrm{SALE}_{i,t}-\mathrm{SALE}_{i,t-1}}{\mathrm{SALE}_{i,t-1}},\quad \mathrm{GP}=\mathrm{SALE}-\mathrm{COGS}\)		Compustat: SALE, COGS	年频。	Annual.	按 chars_ciz 年频 jdate 对齐；未另行添加页面假设。	Aligned by the chars_ciz annual jdate rule; the page adds no extra assumption.	EquityChars CIZ · accounting.py · L721	https://github.com/Yuning598/EquityChars/blob/9a0fa72d0b2dd688b7bcb72e52ce1f31fc33a627/chars_ciz/accounting.py#L721	equitychars_ciz_code	9a0fa72d0b2dd688b7bcb72e52ce1f31fc33a627	chars_ciz/accounting.py	721	年频。	Annual.		公式按 chars_ciz 代码转写，不采用旧版 SIZ 口径。	Formula transcribed from chars_ciz; the legacy SIZ definition is not used.
pchquick	\(\displaystyle \mathrm{QUICK}_{i,t}=\frac{\mathrm{ACT}_{i,t}-\mathrm{INVT}_{i,t}}{\mathrm{LCT}_{i,t}},\quad \mathrm{PCHQUICK}_{i,t}=\frac{\mathrm{QUICK}_{i,t}-\mathrm{QUICK}_{i,t-1}}{\mathrm{QUICK}_{i,t-1}}\)		Compustat: ACT, INVT, LCT	年频。	Annual.	按 chars_ciz 年频 jdate 对齐；未另行添加页面假设。	Aligned by the chars_ciz annual jdate rule; the page adds no extra assumption.	EquityChars CIZ · accounting.py · L822	https://github.com/Yuning598/EquityChars/blob/9a0fa72d0b2dd688b7bcb72e52ce1f31fc33a627/chars_ciz/accounting.py#L822	equitychars_ciz_code	9a0fa72d0b2dd688b7bcb72e52ce1f31fc33a627	chars_ciz/accounting.py	822	年频。	Annual.		公式按 chars_ciz 代码转写，不采用旧版 SIZ 口径。	Formula transcribed from chars_ciz; the legacy SIZ definition is not used.
pchsale_pchinvt	\(\displaystyle \mathrm{PCHSALE\_PCHINVT}_{i,t}=\frac{\Delta\mathrm{SALE}_{i,t}}{\mathrm{SALE}_{i,t-1}}-\frac{\Delta\mathrm{INVT}_{i,t}}{\mathrm{INVT}_{i,t-1}}\)		Compustat: INVT, SALE	年频。	Annual.	按 chars_ciz 年频 jdate 对齐；未另行添加页面假设。	Aligned by the chars_ciz annual jdate rule; the page adds no extra assumption.	EquityChars CIZ · accounting.py · L698	https://github.com/Yuning598/EquityChars/blob/9a0fa72d0b2dd688b7bcb72e52ce1f31fc33a627/chars_ciz/accounting.py#L698	equitychars_ciz_code	9a0fa72d0b2dd688b7bcb72e52ce1f31fc33a627	chars_ciz/accounting.py	698	年频。	Annual.		公式按 chars_ciz 代码转写，不采用旧版 SIZ 口径。	Formula transcribed from chars_ciz; the legacy SIZ definition is not used.
pchsale_pchrect	\(\displaystyle \mathrm{PCHSALE\_PCHRECT}_{i,t}=\frac{\Delta\mathrm{SALE}_{i,t}}{\mathrm{SALE}_{i,t-1}}-\frac{\Delta\mathrm{RECT}_{i,t}}{\mathrm{RECT}_{i,t-1}}\)		Compustat: RECT, SALE	年频。	Annual.	按 chars_ciz 年频 jdate 对齐；未另行添加页面假设。	Aligned by the chars_ciz annual jdate rule; the page adds no extra assumption.	EquityChars CIZ · accounting.py · L709	https://github.com/Yuning598/EquityChars/blob/9a0fa72d0b2dd688b7bcb72e52ce1f31fc33a627/chars_ciz/accounting.py#L709	equitychars_ciz_code	9a0fa72d0b2dd688b7bcb72e52ce1f31fc33a627	chars_ciz/accounting.py	709	年频。	Annual.		公式按 chars_ciz 代码转写，不采用旧版 SIZ 口径。	Formula transcribed from chars_ciz; the legacy SIZ definition is not used.
pchsale_pchxsga	\(\displaystyle \mathrm{PCHSALE\_PCHXSGA}_{i,t}=\frac{\Delta\mathrm{SALE}_{i,t}}{\mathrm{SALE}_{i,t-1}}-\frac{\Delta\mathrm{XSGA}_{i,t}}{\mathrm{XSGA}_{i,t-1}}\)		Compustat: SALE, XSGA	年频。	Annual.	按 chars_ciz 年频 jdate 对齐；未另行添加页面假设。	Aligned by the chars_ciz annual jdate rule; the page adds no extra assumption.	EquityChars CIZ · accounting.py · L732	https://github.com/Yuning598/EquityChars/blob/9a0fa72d0b2dd688b7bcb72e52ce1f31fc33a627/chars_ciz/accounting.py#L732	equitychars_ciz_code	9a0fa72d0b2dd688b7bcb72e52ce1f31fc33a627	chars_ciz/accounting.py	732	年频。	Annual.		公式按 chars_ciz 代码转写，不采用旧版 SIZ 口径。	Formula transcribed from chars_ciz; the legacy SIZ definition is not used.
pchsaleinv	\(\displaystyle R_{i,t}=\frac{\mathrm{SALE}_{i,t}}{\mathrm{INVT}_{i,t}},\quad \mathrm{PCHSALEINV}_{i,t}=\frac{R_{i,t}-R_{i,t-1}}{R_{i,t-1}}\)		Compustat: SALE, INVT	年频。	Annual.	按 chars_ciz 年频 jdate 对齐；未另行添加页面假设。	Aligned by the chars_ciz annual jdate rule; the page adds no extra assumption.	EquityChars CIZ · accounting.py · L843	https://github.com/Yuning598/EquityChars/blob/9a0fa72d0b2dd688b7bcb72e52ce1f31fc33a627/chars_ciz/accounting.py#L843	equitychars_ciz_code	9a0fa72d0b2dd688b7bcb72e52ce1f31fc33a627	chars_ciz/accounting.py	843	年频。	Annual.		公式按 chars_ciz 代码转写，不采用旧版 SIZ 口径。	Formula transcribed from chars_ciz; the legacy SIZ definition is not used.
pctacc	\(\displaystyle \mathrm{PCTACC}_{i,t}=\frac{\mathrm{ACC}_{i,t}}{|\mathrm{NI}_{i,t}|}\)	-1	Compustat: NI	年频与季频；最终按 datadate 取较新的非空值。	Annual and quarterly; the final output uses the newer non-null value by datadate.	年频与季频结果均在 CIZ 中对齐；最终比较 datadate，取较新的可用值。	CIZ aligns both annual and quarterly results, then selects the newer available value by datadate.	EquityChars CIZ · accounting.py · L551, L1614	https://github.com/Yuning598/EquityChars/blob/9a0fa72d0b2dd688b7bcb72e52ce1f31fc33a627/chars_ciz/accounting.py#L551	equitychars_ciz_code	9a0fa72d0b2dd688b7bcb72e52ce1f31fc33a627	chars_ciz/accounting.py	551,1614	年频与季频；最终按 datadate 取较新的非空值。	Annual and quarterly; the final output uses the newer non-null value by datadate.	https://github.com/Yuning598/EquityChars/blob/9a0fa72d0b2dd688b7bcb72e52ce1f31fc33a627/chars_ciz/impute_rank_output.py#L85	公式按 chars_ciz 代码转写。年频与季频同时可用时，最终输出按 datadate 选择较新的非空值。	Formula transcribed from chars_ciz. When annual and quarterly values both exist, final output selects the newer non-null value by datadate.
pm	\(\displaystyle \mathrm{PM}_{i,t}=\frac{\mathrm{OIADP}_{i,t}}{\mathrm{SALE}_{i,t}}\)	+1	Compustat: OIADP, SALE	年频与季频；最终按 datadate 取较新的非空值。	Annual and quarterly; the final output uses the newer non-null value by datadate.	年频与季频结果均在 CIZ 中对齐；最终比较 datadate，取较新的可用值。	CIZ aligns both annual and quarterly results, then selects the newer available value by datadate.	EquityChars CIZ · accounting.py · L602, L1763	https://github.com/Yuning598/EquityChars/blob/9a0fa72d0b2dd688b7bcb72e52ce1f31fc33a627/chars_ciz/accounting.py#L602	equitychars_ciz_code	9a0fa72d0b2dd688b7bcb72e52ce1f31fc33a627	chars_ciz/accounting.py	602,1763	年频与季频；最终按 datadate 取较新的非空值。	Annual and quarterly; the final output uses the newer non-null value by datadate.	https://github.com/Yuning598/EquityChars/blob/9a0fa72d0b2dd688b7bcb72e52ce1f31fc33a627/chars_ciz/impute_rank_output.py#L85	公式按 chars_ciz 代码转写。年频与季频同时可用时，最终输出按 datadate 选择较新的非空值。	Formula transcribed from chars_ciz. When annual and quarterly values both exist, final output selects the newer non-null value by datadate.
pscore	\(\displaystyle \mathrm{PSCORE}_{i,t}=\sum_{j=1}^{9}p_{j,i,t},\qquad p_{j,i,t}\in\{0,1\}\)	+1	Derived/intermediate variables; raw fields not stated	季频。	Quarterly.	按 chars_ciz 的季度或事件日期对齐；未另行添加页面假设。	Aligned by the chars_ciz quarterly or event-date rule; the page adds no extra assumption.	EquityChars CIZ · accounting.py · L2057	https://github.com/Yuning598/EquityChars/blob/9a0fa72d0b2dd688b7bcb72e52ce1f31fc33a627/chars_ciz/accounting.py#L2057	equitychars_ciz_code	9a0fa72d0b2dd688b7bcb72e52ce1f31fc33a627	chars_ciz/accounting.py	2057	季频。	Quarterly.		公式按 chars_ciz 代码转写，不采用旧版 SIZ 口径。	Formula transcribed from chars_ciz; the legacy SIZ definition is not used.
quick	\(\displaystyle \mathrm{QUICK}_{i,t}=\frac{\mathrm{ACT}_{i,t}-\mathrm{INVT}_{i,t}}{\mathrm{LCT}_{i,t}}\)		Compustat: ACT, INVT, LCT	年频。	Annual.	按 chars_ciz 年频 jdate 对齐；未另行添加页面假设。	Aligned by the chars_ciz annual jdate rule; the page adds no extra assumption.	EquityChars CIZ · accounting.py · L814	https://github.com/Yuning598/EquityChars/blob/9a0fa72d0b2dd688b7bcb72e52ce1f31fc33a627/chars_ciz/accounting.py#L814	equitychars_ciz_code	9a0fa72d0b2dd688b7bcb72e52ce1f31fc33a627	chars_ciz/accounting.py	814	年频。	Annual.		公式按 chars_ciz 代码转写，不采用旧版 SIZ 口径。	Formula transcribed from chars_ciz; the legacy SIZ definition is not used.
rd	\(\displaystyle \mathrm{RD}^{A}_{i,t}=\mathbf{1}\left\{\frac{\mathrm{XRD}_{i,t}/\mathrm{AT}_{i,t}}{\mathrm{XRD}_{i,t-1}/\mathrm{AT}_{i,t-1}}-1>0.05\right\},\quad \mathrm{RD}^{Q}_{i,t}=\mathbf{1}\left\{\frac{\mathrm{TTM4}(\mathrm{XRDQ})_{i,t}/\mathrm{ATQ}_{i,t}}{\mathrm{TTM4}(\mathrm{XRDQ})_{i,t-4}/\mathrm{ATQ}_{i,t-4}}-1>0.05\right\}\)		Compustat: AT, ATQ, XRD, XRDQ	年频与季频；最终按 datadate 取较新的非空值。	Annual and quarterly; the final output uses the newer non-null value by datadate.	年频与季频结果均在 CIZ 中对齐；最终比较 datadate，取较新的可用值。	CIZ aligns both annual and quarterly results, then selects the newer available value by datadate.	EquityChars CIZ · accounting.py · L664, L1607	https://github.com/Yuning598/EquityChars/blob/9a0fa72d0b2dd688b7bcb72e52ce1f31fc33a627/chars_ciz/accounting.py#L664	equitychars_ciz_code	9a0fa72d0b2dd688b7bcb72e52ce1f31fc33a627	chars_ciz/accounting.py	664,1607	年频与季频；最终按 datadate 取较新的非空值。	Annual and quarterly; the final output uses the newer non-null value by datadate.	https://github.com/Yuning598/EquityChars/blob/9a0fa72d0b2dd688b7bcb72e52ce1f31fc33a627/chars_ciz/impute_rank_output.py#L85	公式按 chars_ciz 代码转写。年频与季频同时可用时，最终输出按 datadate 选择较新的非空值。	Formula transcribed from chars_ciz. When annual and quarterly values both exist, final output selects the newer non-null value by datadate.
rd_sale	\(\displaystyle \mathrm{RD\_SALE}_{i,t}=\frac{\mathrm{XRD}_{i,t}}{\mathrm{SALE}_{i,t}}\)	+1	Compustat: SALE, XRD	年频与季频；最终按 datadate 取较新的非空值。	Annual and quarterly; the final output uses the newer non-null value by datadate.	年频与季频结果均在 CIZ 中对齐；最终比较 datadate，取较新的可用值。	CIZ aligns both annual and quarterly results, then selects the newer available value by datadate.	EquityChars CIZ · accounting.py · L520, L1671	https://github.com/Yuning598/EquityChars/blob/9a0fa72d0b2dd688b7bcb72e52ce1f31fc33a627/chars_ciz/accounting.py#L520	equitychars_ciz_code	9a0fa72d0b2dd688b7bcb72e52ce1f31fc33a627	chars_ciz/accounting.py	520,1671	年频与季频；最终按 datadate 取较新的非空值。	Annual and quarterly; the final output uses the newer non-null value by datadate.	https://github.com/Yuning598/EquityChars/blob/9a0fa72d0b2dd688b7bcb72e52ce1f31fc33a627/chars_ciz/impute_rank_output.py#L85	公式按 chars_ciz 代码转写。年频与季频同时可用时，最终输出按 datadate 选择较新的非空值。	Formula transcribed from chars_ciz. When annual and quarterly values both exist, final output selects the newer non-null value by datadate.
rdm	\(\displaystyle \mathrm{RDM}_{i,t}=\frac{\mathrm{XRD}_{i,t}}{\mathrm{ME}_{i,t}}\)	+1	Compustat: XRD	年频与季频；最终按 datadate 取较新的非空值。	Annual and quarterly; the final output uses the newer non-null value by datadate.	年频与季频结果均在 CIZ 中对齐；最终比较 datadate，取较新的可用值。	CIZ aligns both annual and quarterly results, then selects the newer available value by datadate.	EquityChars CIZ · accounting.py · L2323, L2435	https://github.com/Yuning598/EquityChars/blob/9a0fa72d0b2dd688b7bcb72e52ce1f31fc33a627/chars_ciz/accounting.py#L2323	equitychars_ciz_code	9a0fa72d0b2dd688b7bcb72e52ce1f31fc33a627	chars_ciz/accounting.py	2323,2435	年频与季频；最终按 datadate 取较新的非空值。	Annual and quarterly; the final output uses the newer non-null value by datadate.	https://github.com/Yuning598/EquityChars/blob/9a0fa72d0b2dd688b7bcb72e52ce1f31fc33a627/chars_ciz/impute_rank_output.py#L85	公式按 chars_ciz 代码转写。年频与季频同时可用时，最终输出按 datadate 选择较新的非空值。	Formula transcribed from chars_ciz. When annual and quarterly values both exist, final output selects the newer non-null value by datadate.
re	\(\displaystyle \mathrm{RE}_{i,t}=\frac{1}{n}\sum_{k=1}^{n}\mathrm{MONTHLY\_REVISION}_{i,t-k}\), where \(n=3,4,5,6\) for count \(4,5,6,\ge 7\), respectively.	+1	I/B/E/S: monthly earnings-forecast revision	月频 I/B/E/S 修正。	Monthly I/B/E/S revisions.	信号在 t 月形成；最终输出将收益移至 t+1 月。	The signal is formed at month t; final output shifts the return to month t+1.	EquityChars CIZ · myre.py · L118	https://github.com/Yuning598/EquityChars/blob/9a0fa72d0b2dd688b7bcb72e52ce1f31fc33a627/chars_ciz/myre.py#L118	equitychars_ciz_code	9a0fa72d0b2dd688b7bcb72e52ce1f31fc33a627	chars_ciz/myre.py	118	月频 I/B/E/S 修正。	Monthly I/B/E/S revisions.		公式按 chars_ciz 代码转写，不采用旧版 SIZ 口径。	Formula transcribed from chars_ciz; the legacy SIZ definition is not used.
realestate	\(\displaystyle \mathrm{REALESTATE}_{i,t}=\frac{\mathrm{FATB}_{i,t}+\mathrm{FATL}_{i,t}}{\operatorname{coalesce}(\mathrm{PPEGT}_{i,t},\mathrm{PPENT}_{i,t})}\)		Compustat: FATB, FATL, PPEGT, PPENT	年频。	Annual.	按 chars_ciz 年频 jdate 对齐；未另行添加页面假设。	Aligned by the chars_ciz annual jdate rule; the page adds no extra assumption.	EquityChars CIZ · accounting.py · L848, L855	https://github.com/Yuning598/EquityChars/blob/9a0fa72d0b2dd688b7bcb72e52ce1f31fc33a627/chars_ciz/accounting.py#L848	equitychars_ciz_code	9a0fa72d0b2dd688b7bcb72e52ce1f31fc33a627	chars_ciz/accounting.py	848,855	年频。	Annual.		公式按 chars_ciz 代码转写，不采用旧版 SIZ 口径。	Formula transcribed from chars_ciz; the legacy SIZ definition is not used.
rna	\(\displaystyle \mathrm{RNA}_{i,t}=\frac{\mathrm{OIADP}_{i,t}}{\mathrm{NOA}^{raw}_{i,t-1}}\)	+1	Compustat: OIADP	年频与季频；最终按 datadate 取较新的非空值。	Annual and quarterly; the final output uses the newer non-null value by datadate.	年频与季频结果均在 CIZ 中对齐；最终比较 datadate，取较新的可用值。	CIZ aligns both annual and quarterly results, then selects the newer available value by datadate.	EquityChars CIZ · accounting.py · L597, L1758	https://github.com/Yuning598/EquityChars/blob/9a0fa72d0b2dd688b7bcb72e52ce1f31fc33a627/chars_ciz/accounting.py#L597	equitychars_ciz_code	9a0fa72d0b2dd688b7bcb72e52ce1f31fc33a627	chars_ciz/accounting.py	597,1758	年频与季频；最终按 datadate 取较新的非空值。	Annual and quarterly; the final output uses the newer non-null value by datadate.	https://github.com/Yuning598/EquityChars/blob/9a0fa72d0b2dd688b7bcb72e52ce1f31fc33a627/chars_ciz/impute_rank_output.py#L85	公式按 chars_ciz 代码转写。年频与季频同时可用时，最终输出按 datadate 选择较新的非空值。	Formula transcribed from chars_ciz. When annual and quarterly values both exist, final output selects the newer non-null value by datadate.
roa	\(\displaystyle \mathrm{ROA}_{i,t}=\frac{\mathrm{IB}_{i,t}}{\mathrm{AT}_{i,t-1}}\).	+1	Compustat: AT, IB	年频与季频；最终按 datadate 取较新的非空值。	Annual and quarterly; the final output uses the newer non-null value by datadate.	年频与季频结果均在 CIZ 中对齐；最终比较 datadate，取较新的可用值。	CIZ aligns both annual and quarterly results, then selects the newer available value by datadate.	EquityChars CIZ · accounting.py · L669, L1476	https://github.com/Yuning598/EquityChars/blob/9a0fa72d0b2dd688b7bcb72e52ce1f31fc33a627/chars_ciz/accounting.py#L669	equitychars_ciz_code	9a0fa72d0b2dd688b7bcb72e52ce1f31fc33a627	chars_ciz/accounting.py	669,1476	年频与季频；最终按 datadate 取较新的非空值。	Annual and quarterly; the final output uses the newer non-null value by datadate.	https://github.com/Yuning598/EquityChars/blob/9a0fa72d0b2dd688b7bcb72e52ce1f31fc33a627/chars_ciz/impute_rank_output.py#L85	公式按 chars_ciz 代码转写。年频与季频同时可用时，最终输出按 datadate 选择较新的非空值。	Formula transcribed from chars_ciz. When annual and quarterly values both exist, final output selects the newer non-null value by datadate.
roavol	\(\displaystyle \mathrm{ROA}^{Q}_{i,t}=\frac{\mathrm{IBQ}_{i,t}}{\mathrm{ATQ}_{i,t-1}},\quad \mathrm{ROAVOL}_{i,t}=\operatorname{Std}\{\mathrm{ROA}^{Q}_{i,t-k}:k=0,\ldots,15\}\)		Compustat: ATQ, IBQ	季度；当期及前 15 个季度的 ROA 标准差。	Quarterly; standard deviation of ROA over the current and prior 15 quarters.	按 chars_ciz 的季度或事件日期对齐；未另行添加页面假设。	Aligned by the chars_ciz quarterly or event-date rule; the page adds no extra assumption.	EquityChars CIZ · accounting.py · L1909	https://github.com/Yuning598/EquityChars/blob/9a0fa72d0b2dd688b7bcb72e52ce1f31fc33a627/chars_ciz/accounting.py#L1909	equitychars_ciz_code	9a0fa72d0b2dd688b7bcb72e52ce1f31fc33a627	chars_ciz/accounting.py	1909	季频。	Quarterly.		公式按 chars_ciz 代码转写，不采用旧版 SIZ 口径。	Formula transcribed from chars_ciz; the legacy SIZ definition is not used.
roe	\(\displaystyle \mathrm{ROE}_{i,t}=\frac{\mathrm{IB}_{i,t}}{\mathrm{CEQ}_{i,t-1}}\)	+1	Compustat: CEQ, IB	年频与季频；最终按 datadate 取较新的非空值。	Annual and quarterly; the final output uses the newer non-null value by datadate.	年频与季频结果均在 CIZ 中对齐；最终比较 datadate，取较新的可用值。	CIZ aligns both annual and quarterly results, then selects the newer available value by datadate.	EquityChars CIZ · accounting.py · L674, L1777	https://github.com/Yuning598/EquityChars/blob/9a0fa72d0b2dd688b7bcb72e52ce1f31fc33a627/chars_ciz/accounting.py#L674	equitychars_ciz_code	9a0fa72d0b2dd688b7bcb72e52ce1f31fc33a627	chars_ciz/accounting.py	674,1777	年频与季频；最终按 datadate 取较新的非空值。	Annual and quarterly; the final output uses the newer non-null value by datadate.	https://github.com/Yuning598/EquityChars/blob/9a0fa72d0b2dd688b7bcb72e52ce1f31fc33a627/chars_ciz/impute_rank_output.py#L85	公式按 chars_ciz 代码转写。年频与季频同时可用时，最终输出按 datadate 选择较新的非空值。	Formula transcribed from chars_ciz. When annual and quarterly values both exist, final output selects the newer non-null value by datadate.
roic	\(\displaystyle \mathrm{ROIC}_{i,t}=\frac{\mathrm{EBIT}_{i,t}-\mathrm{NOPI}_{i,t}}{\mathrm{CEQ}_{i,t}+\mathrm{LT}_{i,t}-\mathrm{CHE}_{i,t}}\)		Compustat: EBIT, NOPI, CEQ, LT, CHE	年频。	Annual.	按 chars_ciz 年频 jdate 对齐；未另行添加页面假设。	Aligned by the chars_ciz annual jdate rule; the page adds no extra assumption.	EquityChars CIZ · accounting.py · L684	https://github.com/Yuning598/EquityChars/blob/9a0fa72d0b2dd688b7bcb72e52ce1f31fc33a627/chars_ciz/accounting.py#L684	equitychars_ciz_code	9a0fa72d0b2dd688b7bcb72e52ce1f31fc33a627	chars_ciz/accounting.py	684	年频。	Annual.		公式按 chars_ciz 代码转写，不采用旧版 SIZ 口径。	Formula transcribed from chars_ciz; the legacy SIZ definition is not used.
rsup	\(\displaystyle \mathrm{RSUP}_{i,t}=\frac{\mathrm{SALE}_{i,t}-\mathrm{SALE}_{i,t-1}}{\mathrm{ME}_{i,t}}\)	+1	Compustat: SALE	年频与季频；最终按 datadate 取较新的非空值。	Annual and quarterly; the final output uses the newer non-null value by datadate.	年频与季频结果均在 CIZ 中对齐；最终比较 datadate，取较新的可用值。	CIZ aligns both annual and quarterly results, then selects the newer available value by datadate.	EquityChars CIZ · accounting.py · L2308, L2450	https://github.com/Yuning598/EquityChars/blob/9a0fa72d0b2dd688b7bcb72e52ce1f31fc33a627/chars_ciz/accounting.py#L2308	equitychars_ciz_code	9a0fa72d0b2dd688b7bcb72e52ce1f31fc33a627	chars_ciz/accounting.py	2308,2450	年频与季频；最终按 datadate 取较新的非空值。	Annual and quarterly; the final output uses the newer non-null value by datadate.	https://github.com/Yuning598/EquityChars/blob/9a0fa72d0b2dd688b7bcb72e52ce1f31fc33a627/chars_ciz/impute_rank_output.py#L85	公式按 chars_ciz 代码转写。年频与季频同时可用时，最终输出按 datadate 选择较新的非空值。	Formula transcribed from chars_ciz. When annual and quarterly values both exist, final output selects the newer non-null value by datadate.
rvar_capm	\(\displaystyle \mathrm{RVAR\_CAPM}_{i,t}=\frac{1}{w-1}\sum_{s=t-w+1}^{t}(\varepsilon_{i,s}-\overline{\varepsilon}_{i,t})^2\), where \(\varepsilon\) is from a rolling CAPM excess-return regression.	-1	Derived/intermediate variables; raw fields not stated	日频输入；滚动 3 个月，至少 21 个观测。	Daily inputs; rolling three months with at least 21 observations.	信号在 t 月形成；最终输出将收益移至 t+1 月。	The signal is formed at month t; final output shifts the return to month t+1.	EquityChars CIZ · rolling_chars.py · L114	https://github.com/Yuning598/EquityChars/blob/9a0fa72d0b2dd688b7bcb72e52ce1f31fc33a627/chars_ciz/rolling_chars.py#L114	equitychars_ciz_code	9a0fa72d0b2dd688b7bcb72e52ce1f31fc33a627	chars_ciz/rolling_chars.py	114	日频输入；滚动 3 个月，至少 21 个观测。	Daily inputs; rolling three months with at least 21 observations.		公式按 chars_ciz 代码转写，不采用旧版 SIZ 口径。	Formula transcribed from chars_ciz; the legacy SIZ definition is not used.
rvar_ff3	\(\displaystyle \mathrm{RVAR\_FF3}_{i,t}=\frac{1}{w-1}\sum_{s=t-w+1}^{t}(\varepsilon_{i,s}-\overline{\varepsilon}_{i,t})^2\), where \(\varepsilon\) is from a rolling Fama--French three-factor regression.	-1	Derived/intermediate variables; raw fields not stated	日频输入；滚动 3 个月，至少 21 个观测。	Daily inputs; rolling three months with at least 21 observations.	信号在 t 月形成；最终输出将收益移至 t+1 月。	The signal is formed at month t; final output shifts the return to month t+1.	EquityChars CIZ · rolling_chars.py · L285	https://github.com/Yuning598/EquityChars/blob/9a0fa72d0b2dd688b7bcb72e52ce1f31fc33a627/chars_ciz/rolling_chars.py#L285	equitychars_ciz_code	9a0fa72d0b2dd688b7bcb72e52ce1f31fc33a627	chars_ciz/rolling_chars.py	285	日频输入；滚动 3 个月，至少 21 个观测。	Daily inputs; rolling three months with at least 21 observations.		公式按 chars_ciz 代码转写，不采用旧版 SIZ 口径。	Formula transcribed from chars_ciz; the legacy SIZ definition is not used.
rvar_mean	\(\displaystyle \mathrm{RVAR\_MEAN}_{i,t}=\frac{1}{w-1}\sum_{s=t-w+1}^{t}(\mathrm{RET}_{i,s}-\overline{\mathrm{RET}}_{i,t})^2\)		CRSP daily: RET	日频输入；滚动 3 个月，至少 21 个观测。	Daily inputs; rolling three months with at least 21 observations.	信号在 t 月形成；最终输出将收益移至 t+1 月。	The signal is formed at month t; final output shifts the return to month t+1.	EquityChars CIZ · rolling_chars.py · L144	https://github.com/Yuning598/EquityChars/blob/9a0fa72d0b2dd688b7bcb72e52ce1f31fc33a627/chars_ciz/rolling_chars.py#L144	equitychars_ciz_code	9a0fa72d0b2dd688b7bcb72e52ce1f31fc33a627	chars_ciz/rolling_chars.py	144	日频输入；滚动 3 个月，至少 21 个观测。	Daily inputs; rolling three months with at least 21 observations.		公式按 chars_ciz 代码转写，不采用旧版 SIZ 口径。	Formula transcribed from chars_ciz; the legacy SIZ definition is not used.
salecash	\(\displaystyle \mathrm{SALECASH}_{i,t}=\frac{\mathrm{SALE}_{i,t}}{\mathrm{CHE}_{i,t}}\)		Compustat: SALE, CHE	年频。	Annual.	按 chars_ciz 年频 jdate 对齐；未另行添加页面假设。	Aligned by the chars_ciz annual jdate rule; the page adds no extra assumption.	EquityChars CIZ · accounting.py · L827	https://github.com/Yuning598/EquityChars/blob/9a0fa72d0b2dd688b7bcb72e52ce1f31fc33a627/chars_ciz/accounting.py#L827	equitychars_ciz_code	9a0fa72d0b2dd688b7bcb72e52ce1f31fc33a627	chars_ciz/accounting.py	827	年频。	Annual.		公式按 chars_ciz 代码转写，不采用旧版 SIZ 口径。	Formula transcribed from chars_ciz; the legacy SIZ definition is not used.
saleinv	\(\displaystyle \mathrm{SALEINV}_{i,t}=\frac{\mathrm{SALE}_{i,t}}{\mathrm{INVT}_{i,t}}\)		Compustat: SALE, INVT	年频。	Annual.	按 chars_ciz 年频 jdate 对齐；未另行添加页面假设。	Aligned by the chars_ciz annual jdate rule; the page adds no extra assumption.	EquityChars CIZ · accounting.py · L837	https://github.com/Yuning598/EquityChars/blob/9a0fa72d0b2dd688b7bcb72e52ce1f31fc33a627/chars_ciz/accounting.py#L837	equitychars_ciz_code	9a0fa72d0b2dd688b7bcb72e52ce1f31fc33a627	chars_ciz/accounting.py	837	年频。	Annual.		公式按 chars_ciz 代码转写，不采用旧版 SIZ 口径。	Formula transcribed from chars_ciz; the legacy SIZ definition is not used.
salerec	\(\displaystyle \mathrm{SALEREC}_{i,t}=\frac{\mathrm{SALE}_{i,t}}{\mathrm{RECT}_{i,t}}\)		Compustat: SALE, RECT	年频。	Annual.	按 chars_ciz 年频 jdate 对齐；未另行添加页面假设。	Aligned by the chars_ciz annual jdate rule; the page adds no extra assumption.	EquityChars CIZ · accounting.py · L832	https://github.com/Yuning598/EquityChars/blob/9a0fa72d0b2dd688b7bcb72e52ce1f31fc33a627/chars_ciz/accounting.py#L832	equitychars_ciz_code	9a0fa72d0b2dd688b7bcb72e52ce1f31fc33a627	chars_ciz/accounting.py	832	年频。	Annual.		公式按 chars_ciz 代码转写，不采用旧版 SIZ 口径。	Formula transcribed from chars_ciz; the legacy SIZ definition is not used.
seas1a	\(\displaystyle \mathrm{SEAS1A}_{i,t}=\mathrm{RET}_{i,t-11}\)	+1	CRSP: RET	月频。	Monthly.	信号在 t 月形成；最终输出将收益移至 t+1 月。	The signal is formed at month t; final output shifts the return to month t+1.	EquityChars CIZ · accounting.py · L2131	https://github.com/Yuning598/EquityChars/blob/9a0fa72d0b2dd688b7bcb72e52ce1f31fc33a627/chars_ciz/accounting.py#L2131	equitychars_ciz_code	9a0fa72d0b2dd688b7bcb72e52ce1f31fc33a627	chars_ciz/accounting.py	2131	月频。	Monthly.		公式按 chars_ciz 代码转写，不采用旧版 SIZ 口径。	Formula transcribed from chars_ciz; the legacy SIZ definition is not used.
secured	\(\displaystyle \mathrm{SECURED}_{i,t}=\frac{\mathrm{DM}_{i,t}}{\mathrm{DLTT}_{i,t}}\)		Compustat: DLTT, DM	年频。	Annual.	按 chars_ciz 年频 jdate 对齐；未另行添加页面假设。	Aligned by the chars_ciz annual jdate rule; the page adds no extra assumption.	EquityChars CIZ · accounting.py · L1192	https://github.com/Yuning598/EquityChars/blob/9a0fa72d0b2dd688b7bcb72e52ce1f31fc33a627/chars_ciz/accounting.py#L1192	equitychars_ciz_code	9a0fa72d0b2dd688b7bcb72e52ce1f31fc33a627	chars_ciz/accounting.py	1192	年频。	Annual.		公式按 chars_ciz 代码转写，不采用旧版 SIZ 口径。	Formula transcribed from chars_ciz; the legacy SIZ definition is not used.
securedind	\(\displaystyle \mathrm{SECUREDIND}_{i,t}=\mathbf{1}\{\mathrm{DM}_{i,t}\ne0\}\)		Compustat: DM	年频。	Annual.	按 chars_ciz 年频 jdate 对齐；未另行添加页面假设。	Aligned by the chars_ciz annual jdate rule; the page adds no extra assumption.	EquityChars CIZ · accounting.py · L1200	https://github.com/Yuning598/EquityChars/blob/9a0fa72d0b2dd688b7bcb72e52ce1f31fc33a627/chars_ciz/accounting.py#L1200	equitychars_ciz_code	9a0fa72d0b2dd688b7bcb72e52ce1f31fc33a627	chars_ciz/accounting.py	1200	年频。	Annual.		公式按 chars_ciz 代码转写，不采用旧版 SIZ 口径。	Formula transcribed from chars_ciz; the legacy SIZ definition is not used.
sgr	\(\displaystyle \mathrm{SGR}_{i,t}=\frac{\mathrm{SALE}_{i,t}}{\mathrm{SALE}_{i,t-1}}-1\)	+1	Compustat: SALE	年频与季频；最终按 datadate 取较新的非空值。	Annual and quarterly; the final output uses the newer non-null value by datadate.	年频与季频结果均在 CIZ 中对齐；最终比较 datadate，取较新的可用值。	CIZ aligns both annual and quarterly results, then selects the newer available value by datadate.	EquityChars CIZ · accounting.py · L556, L1643	https://github.com/Yuning598/EquityChars/blob/9a0fa72d0b2dd688b7bcb72e52ce1f31fc33a627/chars_ciz/accounting.py#L556	equitychars_ciz_code	9a0fa72d0b2dd688b7bcb72e52ce1f31fc33a627	chars_ciz/accounting.py	556,1643	年频与季频；最终按 datadate 取较新的非空值。	Annual and quarterly; the final output uses the newer non-null value by datadate.	https://github.com/Yuning598/EquityChars/blob/9a0fa72d0b2dd688b7bcb72e52ce1f31fc33a627/chars_ciz/impute_rank_output.py#L85	公式按 chars_ciz 代码转写。年频与季频同时可用时，最终输出按 datadate 选择较新的非空值。	Formula transcribed from chars_ciz. When annual and quarterly values both exist, final output selects the newer non-null value by datadate.
sin	\(\displaystyle \mathrm{SIN}_{i,t}=\mathbf{1}\{\mathrm{SIC}\in[2100,2199]\cup[2080,2085]\ \lor\ \mathrm{NAICS}\in\mathcal{G}_{gaming}\}\)		Compustat segments: SIC, NAICS, firm/segment identifiers	年频。	Annual.	按 chars_ciz 年频 jdate 对齐；未另行添加页面假设。	Aligned by the chars_ciz annual jdate rule; the page adds no extra assumption.	EquityChars CIZ · accounting.py · L1218	https://github.com/Yuning598/EquityChars/blob/9a0fa72d0b2dd688b7bcb72e52ce1f31fc33a627/chars_ciz/accounting.py#L1218	equitychars_ciz_code	9a0fa72d0b2dd688b7bcb72e52ce1f31fc33a627	chars_ciz/accounting.py	1218	年频。	Annual.		公式按 chars_ciz 代码转写，不采用旧版 SIZ 口径。	Formula transcribed from chars_ciz; the legacy SIZ definition is not used.
sp	\(\displaystyle \mathrm{SP}_{i,t}=\frac{\mathrm{SALE}_{i,t}}{\mathrm{ME}_{i,t}}\)	+1	Compustat: SALE	年频与季频；最终按 datadate 取较新的非空值。	Annual and quarterly; the final output uses the newer non-null value by datadate.	年频与季频结果均在 CIZ 中对齐；最终比较 datadate，取较新的可用值。	CIZ aligns both annual and quarterly results, then selects the newer available value by datadate.	EquityChars CIZ · accounting.py · L2318, L2440	https://github.com/Yuning598/EquityChars/blob/9a0fa72d0b2dd688b7bcb72e52ce1f31fc33a627/chars_ciz/accounting.py#L2318	equitychars_ciz_code	9a0fa72d0b2dd688b7bcb72e52ce1f31fc33a627	chars_ciz/accounting.py	2318,2440	年频与季频；最终按 datadate 取较新的非空值。	Annual and quarterly; the final output uses the newer non-null value by datadate.	https://github.com/Yuning598/EquityChars/blob/9a0fa72d0b2dd688b7bcb72e52ce1f31fc33a627/chars_ciz/impute_rank_output.py#L85	公式按 chars_ciz 代码转写。年频与季频同时可用时，最终输出按 datadate 选择较新的非空值。	Formula transcribed from chars_ciz. When annual and quarterly values both exist, final output selects the newer non-null value by datadate.
std_dolvol	\(\displaystyle \mathrm{STD\_DOLVOL}_{i,t}=\operatorname{Std}_{s=t-w+1}^{t} \left(\log|\mathrm{VOL}_{i,s}\mathrm{PRC}_{i,s}|\right)\)	-1	CRSP: PRC, VOL	日频输入；滚动 3 个月，至少 21 个观测。	Daily inputs; rolling three months with at least 21 observations.	信号在 t 月形成；最终输出将收益移至 t+1 月。	The signal is formed at month t; final output shifts the return to month t+1.	EquityChars CIZ · rolling_chars.py · L174	https://github.com/Yuning598/EquityChars/blob/9a0fa72d0b2dd688b7bcb72e52ce1f31fc33a627/chars_ciz/rolling_chars.py#L174	equitychars_ciz_code	9a0fa72d0b2dd688b7bcb72e52ce1f31fc33a627	chars_ciz/rolling_chars.py	174	日频输入；滚动 3 个月，至少 21 个观测。	Daily inputs; rolling three months with at least 21 observations.		公式按 chars_ciz 代码转写，不采用旧版 SIZ 口径。	Formula transcribed from chars_ciz; the legacy SIZ definition is not used.
std_turn	\(\displaystyle \mathrm{STD\_TURN}_{i,t}=\operatorname{Std}_{s=t-w+1}^{t} \left(\frac{\mathrm{VOL}_{i,s}}{\mathrm{SHROUT}_{i,s}}\right)\)	-1	CRSP: SHROUT, VOL	日频输入；滚动 3 个月，至少 21 个观测。	Daily inputs; rolling three months with at least 21 observations.	信号在 t 月形成；最终输出将收益移至 t+1 月。	The signal is formed at month t; final output shifts the return to month t+1.	EquityChars CIZ · rolling_chars.py · L189	https://github.com/Yuning598/EquityChars/blob/9a0fa72d0b2dd688b7bcb72e52ce1f31fc33a627/chars_ciz/rolling_chars.py#L189	equitychars_ciz_code	9a0fa72d0b2dd688b7bcb72e52ce1f31fc33a627	chars_ciz/rolling_chars.py	189	日频输入；滚动 3 个月，至少 21 个观测。	Daily inputs; rolling three months with at least 21 observations.		公式按 chars_ciz 代码转写，不采用旧版 SIZ 口径。	Formula transcribed from chars_ciz; the legacy SIZ definition is not used.
sue	\(\displaystyle \mathrm{SUE}_{i,t}=\frac{\mathrm{EPS}_{i,t}-\mathrm{EPS}_{i,t-4}}{\mathrm{SUE\_STD}_{i,t}},\quad \mathrm{EPS}_{i,t}=\frac{\mathrm{EPSPXQ}_{i,t}}{\mathrm{AJEXQ}_{i,t}}\)	+1	Compustat: AJEXQ, EPSPXQ	季度财报；季度 SUE 对齐到月度。	Quarterly earnings; quarterly SUE aligned to monthly dates.	按 chars_ciz 的季度或事件日期对齐；未另行添加页面假设。	Aligned by the chars_ciz quarterly or event-date rule; the page adds no extra assumption.	EquityChars CIZ · sue.py · L109	https://github.com/Yuning598/EquityChars/blob/9a0fa72d0b2dd688b7bcb72e52ce1f31fc33a627/chars_ciz/sue.py#L109	equitychars_ciz_code	9a0fa72d0b2dd688b7bcb72e52ce1f31fc33a627	chars_ciz/sue.py	109	季度财报；季度 SUE 对齐到月度。	Quarterly earnings; quarterly SUE aligned to monthly dates.		公式按 chars_ciz 代码转写，不采用旧版 SIZ 口径。	Formula transcribed from chars_ciz; the legacy SIZ definition is not used.
tang	\(\displaystyle \mathrm{TANG}_{i,t}=\frac{\mathrm{CHE}_{i,t}+0.715\,\mathrm{RECT}_{i,t}+0.547\,\mathrm{INVT}_{i,t}+0.535\,\mathrm{PPENT}_{i,t}}{\mathrm{AT}_{i,t}}\)		Compustat: CHE, RECT, INVT, PPENT, AT, SIC	年频。	Annual.	按 chars_ciz 年频 jdate 对齐；未另行添加页面假设。	Aligned by the chars_ciz annual jdate rule; the page adds no extra assumption.	EquityChars CIZ · accounting.py · L1225	https://github.com/Yuning598/EquityChars/blob/9a0fa72d0b2dd688b7bcb72e52ce1f31fc33a627/chars_ciz/accounting.py#L1225	equitychars_ciz_code	9a0fa72d0b2dd688b7bcb72e52ce1f31fc33a627	chars_ciz/accounting.py	1225	年频。	Annual.		公式按 chars_ciz 代码转写，不采用旧版 SIZ 口径。	Formula transcribed from chars_ciz; the legacy SIZ definition is not used.
tb	\(\displaystyle T_{i,t}=\frac{\operatorname{coalesce}(\mathrm{TXFO}_{i,t}+\mathrm{TXFED}_{i,t},\mathrm{TXT}_{i,t}-\mathrm{TXDI}_{i,t})}{\tau_t\,\mathrm{IB}_{i,t}},\quad \mathrm{TB}_{i,t}=T_{i,t}-\overline{T}_{\mathrm{FFI49}(i),t}\)		Compustat: IB, TXDI, TXFED, TXFO, TXT; Fama–French 49 industry	年频。	Annual.	按 chars_ciz 年频 jdate 对齐；未另行添加页面假设。	Aligned by the chars_ciz annual jdate rule; the page adds no extra assumption.	EquityChars CIZ · accounting.py · L1279	https://github.com/Yuning598/EquityChars/blob/9a0fa72d0b2dd688b7bcb72e52ce1f31fc33a627/chars_ciz/accounting.py#L1279	equitychars_ciz_code	9a0fa72d0b2dd688b7bcb72e52ce1f31fc33a627	chars_ciz/accounting.py	1279	年频。	Annual.		公式按 chars_ciz 代码转写，不采用旧版 SIZ 口径。	Formula transcribed from chars_ciz; the legacy SIZ definition is not used.
turn	\(\displaystyle \mathrm{TURN}_{i,t}=\frac{(\mathrm{VOL}_{i,t-1}+\mathrm{VOL}_{i,t-2}+\mathrm{VOL}_{i,t-3})/3/1000}{\mathrm{SHROUT}_{i,t}}\)	-1	CRSP: SHROUT, VOL	月频；前 3 个月成交量均值除以当期流通股数。	Monthly; mean volume over the prior three months divided by current shares outstanding.	信号在 t 月形成；最终输出将收益移至 t+1 月。	The signal is formed at month t; final output shifts the return to month t+1.	EquityChars CIZ · accounting.py · L2150	https://github.com/Yuning598/EquityChars/blob/9a0fa72d0b2dd688b7bcb72e52ce1f31fc33a627/chars_ciz/accounting.py#L2150	equitychars_ciz_code	9a0fa72d0b2dd688b7bcb72e52ce1f31fc33a627	chars_ciz/accounting.py	2150	月频。	Monthly.		公式按 chars_ciz 代码转写，不采用旧版 SIZ 口径。	Formula transcribed from chars_ciz; the legacy SIZ definition is not used.
zerotrade	\(\displaystyle \mathrm{ZEROTRADE}_{i,t}= \left(\sum_{s=t-w+1}^{t}\mathrm{COUNTZERO}_{i,s}+ \frac{1}{\sum_{s=t-w+1}^{t}\mathrm{TURN}_{i,s}}/11000\right) \frac{21\cdot 3}{w}\)	+1	CRSP: COUNTZERO	日频输入；滚动 3 个月，至少 21 个观测。	Daily inputs; rolling three months with at least 21 observations.	信号在 t 月形成；最终输出将收益移至 t+1 月。	The signal is formed at month t; final output shifts the return to month t+1.	EquityChars CIZ · rolling_chars.py · L214	https://github.com/Yuning598/EquityChars/blob/9a0fa72d0b2dd688b7bcb72e52ce1f31fc33a627/chars_ciz/rolling_chars.py#L214	equitychars_ciz_code	9a0fa72d0b2dd688b7bcb72e52ce1f31fc33a627	chars_ciz/rolling_chars.py	214	日频输入；滚动 3 个月，至少 21 个观测。	Daily inputs; rolling three months with at least 21 observations.		公式按 chars_ciz 代码转写，不采用旧版 SIZ 口径。	Formula transcribed from chars_ciz; the legacy SIZ definition is not used.
