characteristic_id	characteristic_name	source_code_path	source_paper_id	authoritative_paper_id	signal_definition	sort_variable	long_leg	short_leg	reported_lms_direction	code_effective_direction	code_paper_agreement	evidence_pointer	status	notes
abr	cumulative abnormal returns around earnings announcement dates	repo/scripts/build_long_short_portfolios.py; repo/chars/data/equity_long_short_raw_no_impute.json	chan-1996		cumulative abnormal returns around earnings announcement dates	abr	High	Low	not-simple	H-L	n/a	paper: extracted-text/chan-1996.txt:222-240,270-290,329-345,670-679,783-784,833-847; code: repo/chars/data/equity_long_short_raw_no_impute.json#series.abr	paper_source_no_simple_lms	Repo attribution: Chan, Jegadeesh, and Lakonishok (1996). Formula table direction: +1.
absacc	Absolute accruals	repo/scripts/build_long_short_portfolios.py; repo/chars/data/equity_long_short_raw_no_impute.json	bandyopadhyay-2010		Absolute accruals	absacc	Low	High	L-H	L-H	yes	paper: https://citeseerx.ist.psu.edu/document?doi=def4e90345f7f37ec26dab23a24c50ed5552828a&repid=rep1&type=pdf#Table-II; web-indexed original working-paper PDF Table II; code: repo/chars/data/equity_long_short_raw_no_impute.json#series.absacc	paper_direction_verified	Repo attribution: Bandyopadhyay, Huang, and Wirjanto (2010). Formula table direction: -1.
acc	Operating Accruals	repo/scripts/build_long_short_portfolios.py; repo/chars/data/equity_long_short_raw_no_impute.json	sloan-1996		Operating Accruals	acc	Low	High	L-H	L-H	yes	paper: extracted-text/sloan-1996-publisher.txt:297-330,878-903,925-951,1009-1011; code: repo/chars/data/equity_long_short_raw_no_impute.json#series.acc	paper_direction_verified	Repo attribution: Sloan (1996). Formula table direction: -1.
adm	Advertising Expense-to-market	repo/scripts/build_long_short_portfolios.py; repo/chars/data/equity_long_short_raw_no_impute.json	chan-2001		Advertising Expense-to-market	adm	High	Low	not-simple	H-L	n/a	paper: extracted-text/chan-2001.txt:498-514,1142-1165,1195-1205,1210-1233,1367-1369; code: repo/chars/data/equity_long_short_raw_no_impute.json#series.adm	paper_source_no_simple_lms	Repo attribution: Chan, Lakonishok, and Sougiannis (2001). Formula table direction: +1.
age	# years since first Compustat coverage	repo/scripts/build_long_short_portfolios.py; repo/chars/data/equity_long_short_raw_no_impute.json	jiang-2005		# years since first Compustat coverage	age	Low	High	L-H	L-H	yes	paper: extracted-text/jiang-2005-publisher.txt:352,394-400,472-512,553-572; code: repo/chars/data/equity_long_short_raw_no_impute.json#series.age	paper_direction_verified	Repo attribution: Jiang, Lee, and Zhang (2005). Formula table direction: -1.
agr	Asset growth	repo/scripts/build_long_short_portfolios.py; repo/chars/data/equity_long_short_raw_no_impute.json	cooper-2008		Asset growth	agr	Low	High	L-H	L-H	yes	paper: doi:10.1111/j.1540-6261.2008.01370.x; scholar:10.1111/j.1540-6261.2008.01370.x_0043 (Table II); code: repo/chars/data/equity_long_short_raw_no_impute.json#series.agr	paper_direction_verified	Repo attribution: Cooper, Gulen, and Schill (2008). Formula table direction: -1.
alm	Quarterly Asset Liquidity	repo/scripts/build_long_short_portfolios.py; repo/chars/data/equity_long_short_raw_no_impute.json	ortiz-molina-2014		Quarterly Asset Liquidity	alm	Low	High	not-simple	L-H	n/a	paper: extracted-text/ortiz-molina-2014-publisher.txt:86-119,219-226,307,340-388,548-570,642-723; code: repo/chars/data/equity_long_short_raw_no_impute.json#series.alm	paper_source_no_simple_lms	Repo attribution: Ortiz-Molina and Phillips (2014). Formula table direction: -1.
ato	Asset Turnover	repo/scripts/build_long_short_portfolios.py; repo/chars/data/equity_long_short_raw_no_impute.json	soliman-2008		Asset Turnover	ato	High	Low	not-simple	H-L	n/a	paper: extracted-text/soliman-2008-publisher.txt:391-399,669-729,837-905,1577-1713; code: repo/chars/data/equity_long_short_raw_no_impute.json#series.ato	paper_source_no_simple_lms	Repo attribution: Soliman (2008). Formula table direction: +1.
baspread	Bid-ask spread rolling 3m	repo/scripts/build_long_short_portfolios.py; repo/chars/data/equity_long_short_raw_no_impute.json	amihud-1989		Bid-ask spread rolling 3m	baspread	High	Low	N/A	H-L	n/a	paper: doi:10.1111/j.1540-6261.1989.tb05067.x; scholar:10.1111/j.1540-6261.1989.tb05067.x_0003 (Section I); scholar:10.1111/j.1540-6261.1989.tb05067.x_0004 (Table I); code: repo/chars/data/equity_long_short_raw_no_impute.json#series.baspread	paper_source_no_simple_lms	Repo attribution: Amihud and Mendelson (1989). Formula table direction: +1.
beta	Beta rolling 3m	repo/scripts/build_long_short_portfolios.py; repo/chars/data/equity_long_short_raw_no_impute.json	fama-1973		Beta rolling 3m	beta	High	Low	not-simple	H-L	n/a	paper: extracted-text/fama-1973-publisher.txt:465-575,593-635,650-735; code: repo/chars/data/equity_long_short_raw_no_impute.json#series.beta	paper_source_no_simple_lms	Repo attribution: Fama and MacBeth (1973). Formula table direction: +1.
bm	Book-to-market equity	repo/scripts/build_long_short_portfolios.py; repo/chars/data/equity_long_short_raw_no_impute.json	rosenberg-1985		Book-to-market equity	bm	High	Low	not-simple	H-L	n/a	paper: extracted-text/rosenberg-1985-publisher.txt:3-63,128-179,278-295,328-347; visual first page; code: repo/chars/data/equity_long_short_raw_no_impute.json#series.bm	paper_source_no_simple_lms	Repo attribution: Rosenberg, Reid, and Lanstein (1985). Formula table direction: +1.
bm_ia	Industry-adjusted book to market	repo/scripts/build_long_short_portfolios.py; repo/chars/data/equity_long_short_raw_no_impute.json	asness-2000		Industry-adjusted book to market	bm_ia	High	Low	N/A	H-L	n/a	paper: extracted-text/fallahgoul-2024-supplement.txt:4435-4441@supporting-information/fallahgoul-2024/fallahgoul-franstianto-lin-2024-supplement.pdf; extracted-text/gu-2020-internet-appendix.txt:2088-2093@supporting-information/gu-2020/gu-kelly-xiu-2020-internet-appendix.pdf; code: repo/chars/data/equity_long_short_raw_no_impute.json#series.bm_ia	paper_source_no_simple_lms	Repo attribution: Asness, Porter, and Stevens (2000). Formula table direction: +1.
cash	Cash holdings	repo/scripts/build_long_short_portfolios.py; repo/chars/data/equity_long_short_raw_no_impute.json	lakonishok-1994		Cash holdings	cash	High	Low	N/A	H-L	n/a	paper: extracted-text/lakonishok-1994-publisher.txt:215-365,440-540; code: repo/chars/data/equity_long_short_raw_no_impute.json#series.cash	paper_source_no_simple_lms	Repo attribution: Lakonishok, Shleifer, and Vishny (1994). Formula table direction: +1.
cashdebt	Cash flow to debt	repo/scripts/build_long_short_portfolios.py; repo/chars/data/equity_long_short_raw_no_impute.json	ou-1989		Cash flow to debt	cashdebt	High	Low	not-simple	H-L	n/a	paper: extracted-text/ou-1989.txt:396-470 (Table 2),535-617 (Table 3),665-685 (preset strategy),860-890 (Table 6 notes); papers/ou-1989/ou-1989.pdf; code: repo/chars/data/equity_long_short_raw_no_impute.json#series.cashdebt	paper_source_no_simple_lms	Repo attribution: Ou and Penman (1989). Formula table direction: +1.
cashpr	Cash productivity	repo/scripts/build_long_short_portfolios.py; repo/chars/data/equity_long_short_raw_no_impute.json	chandrashekar-2009		Cash productivity	cashpr	Low	High	L-H	L-H	yes	paper: extracted-text/rao-2013-publisher.txt:12-51,63-65,85-93,104-125,267-270,320-324,571-583@papers/rao-2013/rao2013.pdf; extracted-text/fallahgoul-2024-supplement.txt:4453-4461@supporting-information/fallahgoul-2024/fallahgoul-franstianto-lin-2024-supplement.pdf; extracted-text/gu-2020-internet-appendix.txt:2109-2114@supporting-information/gu-2020/gu-kelly-xiu-2020-internet-appendix.pdf; extracted-text/chen-zimmermann-2022-online-appendix.txt:570-575@supporting-information/chen-zimmermann-2022/chen-zimmermann-2022-online-appendix.pdf; code: repo/chars/data/equity_long_short_raw_no_impute.json#series.cashpr	paper_direction_verified	Repo attribution: Chandrashekar and Rao (2009). Formula table direction: -1.
cfp	Cash flow to price ratio	repo/scripts/build_long_short_portfolios.py; repo/chars/data/equity_long_short_raw_no_impute.json	lakonishok-1994		Cash flow to price ratio	cfp	High	Low	H-L	H-L	yes	paper: extracted-text/lakonishok-1994-publisher.txt:215-365,440-565; code: repo/chars/data/equity_long_short_raw_no_impute.json#series.cfp	paper_direction_verified	Repo attribution: Lakonishok, Shleifer, and Vishny (1994). Formula table direction: +1.
cfp_ia	Industry-adjusted cash flow to price ratio	repo/scripts/build_long_short_portfolios.py; repo/chars/data/equity_long_short_raw_no_impute.json	asness-2000		Industry-adjusted cash flow to price ratio	cfp_ia	High	Low	N/A	H-L	n/a	paper: extracted-text/fallahgoul-2024-supplement.txt:4485-4491@supporting-information/fallahgoul-2024/fallahgoul-franstianto-lin-2024-supplement.pdf; extracted-text/gu-2020-internet-appendix.txt:2123-2128@supporting-information/gu-2020/gu-kelly-xiu-2020-internet-appendix.pdf; code: repo/chars/data/equity_long_short_raw_no_impute.json#series.cfp_ia	paper_source_no_simple_lms	Repo attribution: Asness, Porter, and Stevens (2000). Formula table direction: +1.
chatoia	Industry-adjusted change in asset turnover	repo/scripts/build_long_short_portfolios.py; repo/chars/data/equity_long_short_raw_no_impute.json	soliman-2008		Industry-adjusted change in asset turnover	chatoia	High	Low	not-simple	H-L	n/a	paper: extracted-text/soliman-2008-publisher.txt:391-399,669-729,837-905,1577-1713; code: repo/chars/data/equity_long_short_raw_no_impute.json#series.chatoia	paper_source_no_simple_lms	Repo attribution: Soliman (2008). Formula table direction: +1.
chcsho	Change in shares outstanding	repo/scripts/build_long_short_portfolios.py; repo/chars/data/equity_long_short_raw_no_impute.json	pontiff-2008		Change in shares outstanding	chcsho	Low	High	not-simple	L-H	n/a	paper: extracted-text/pontiff-2008-publisher.txt:151-216,565-615,743-783; code: repo/chars/data/equity_long_short_raw_no_impute.json#series.chcsho	paper_source_no_simple_lms	Repo attribution: Pontiff and Woodgate (2008). Formula table direction: -1.
chempia	Industry-adjusted change in employees	repo/scripts/build_long_short_portfolios.py; repo/chars/data/equity_long_short_raw_no_impute.json	asness-2000		Industry-adjusted change in employees	chempia	Low	High	N/A	L-H	n/a	paper: extracted-text/fallahgoul-2024-supplement.txt:4522-4528@supporting-information/fallahgoul-2024/fallahgoul-franstianto-lin-2024-supplement.pdf; extracted-text/gu-2020-internet-appendix.txt:2144-2149@supporting-information/gu-2020/gu-kelly-xiu-2020-internet-appendix.pdf; code: repo/chars/data/equity_long_short_raw_no_impute.json#series.chempia	paper_source_no_simple_lms	Repo attribution: Asness, Porter, and Stevens (2000). Formula table direction: -1.
chinv	Change in inventory	repo/scripts/build_long_short_portfolios.py; repo/chars/data/equity_long_short_raw_no_impute.json	thomas-2002		Change in inventory	chinv	Low	High	L-H	L-H	yes	paper: extracted-text/thomas-2002-publisher.txt:17-24,110-116,128-143,182-205,226-257; code: repo/chars/data/equity_long_short_raw_no_impute.json#series.chinv	paper_direction_verified	Repo attribution: Thomas and Zhang (2002). Formula table has no entry for this signal.
chmom	Change in 6-month momentum	repo/scripts/build_long_short_portfolios.py; repo/chars/data/equity_long_short_raw_no_impute.json	gettleman-2006		Change in 6-month momentum	chmom	High	Low	H-L	H-L	yes	paper: extracted-text/fallahgoul-2024-supplement.txt:4540-4546@supporting-information/fallahgoul-2024/fallahgoul-franstianto-lin-2024-supplement.pdf; extracted-text/gu-2020-internet-appendix.txt:2158-2163@supporting-information/gu-2020/gu-kelly-xiu-2020-internet-appendix.pdf; contemporaneous-summary: https://www.cxoadvisory.com/momentum-investing/buying-on-impulse-change-in-momentum/; coverage-audit: https://www.federalreserve.gov/econres/feds/files/2021-037pap.pdf	paper_direction_supported_by_contemporaneous_summary	The formal formula cross-checks identify adjacent non-overlapping six-month return windows. A contemporaneous summary of Gettleman and Marks (2006) reports that high price acceleration outperforms low price acceleration, supporting H-L. The primary PDF remains unavailable, so the original breakpoints, weighting, and standalone holding period are not treated as verified.
chpmia	Industry-adjusted change in profit margin	repo/scripts/build_long_short_portfolios.py; repo/chars/data/equity_long_short_raw_no_impute.json	soliman-2008		Industry-adjusted change in profit margin	chpmia	High	Low	not-simple	H-L	n/a	paper: extracted-text/soliman-2008-publisher.txt:391-399,669-729,837-905,1577-1727; code: repo/chars/data/equity_long_short_raw_no_impute.json#series.chpmia	paper_source_no_simple_lms	Repo attribution: Soliman (2008). Formula table has no entry for this signal.
chtx	Change in tax expense	repo/scripts/build_long_short_portfolios.py; repo/chars/data/equity_long_short_raw_no_impute.json	thomas-2011		Change in tax expense	chtx	High	Low	H-L	H-L	yes	paper: 10.1111/j.1475-679X.2011.00409.x#t2; Scholar Gateway chunk 20; code: repo/chars/data/equity_long_short_raw_no_impute.json#series.chtx	paper_direction_verified	Repo attribution: Thomas and Zhang (2011). Formula table direction: +1.
cinvest	Corporate investment	repo/scripts/build_long_short_portfolios.py; repo/chars/data/equity_long_short_raw_no_impute.json	titman-2004		Corporate investment	cinvest	Low	High	L-H	L-H	yes	paper: extracted-text/titman-2004-publisher.txt:138-143,188-220,367-375,442-450,746-747; code: repo/chars/data/equity_long_short_raw_no_impute.json#series.cinvest	paper_direction_verified	Repo attribution: Titman, Wei, and Xie (2004). Formula table direction: -1.
convind	Convertible debt indicator	repo/scripts/build_long_short_portfolios.py; repo/chars/data/equity_long_short_raw_no_impute.json	valta-2016		Convertible debt indicator	convind	Low	High	not-simple	L-H	n/a	paper: extracted-text/valta-2016-publisher.txt:69-85,108-123,368-619,629-633,743-744,797-848,997-1064; code: repo/chars/data/equity_long_short_raw_no_impute.json#series.convind	paper_source_no_simple_lms	Repo attribution: Valta (2016). Formula table has no entry for this signal.
currat	Current ratio	repo/scripts/build_long_short_portfolios.py; repo/chars/data/equity_long_short_raw_no_impute.json	ou-1989		Current ratio	currat	High	Low	not-simple	H-L	n/a	paper: extracted-text/ou-1989.txt:396-470 (Table 2),535-617 (Table 3),665-685 (preset strategy),860-890 (Table 6 notes); papers/ou-1989/ou-1989.pdf; code: repo/chars/data/equity_long_short_raw_no_impute.json#series.currat	paper_source_no_simple_lms	Repo attribution: Ou and Penman (1989). Formula table has no entry for this signal.
depr	Depreciation / PP and E	repo/scripts/build_long_short_portfolios.py; repo/chars/data/equity_long_short_raw_no_impute.json	holthausen-1992		Depreciation / PP and E	depr	High	Low	not-simple	H-L	n/a	paper: extracted-text/holthausen-1992-publisher.txt:300-339,524-543,738-792; code: repo/chars/data/equity_long_short_raw_no_impute.json#series.depr	paper_source_no_simple_lms	Repo attribution: Holthausen and Larcker (1992). Formula table direction: +1.
divi	Dividend initiation	repo/scripts/build_long_short_portfolios.py; repo/chars/data/equity_long_short_raw_no_impute.json	michaely-1995		Dividend initiation	divi	High	Low	not-simple	H-L	n/a	paper: extracted-text/michaely-1995.txt:207-233,504-535,712-719,1591-1602; code: repo/chars/data/equity_long_short_raw_no_impute.json#series.divi	paper_source_no_simple_lms	Repo attribution: Michaely, Thaler, and Womack (1995). Formula table has no entry for this signal.
divo	Dividend omission	repo/scripts/build_long_short_portfolios.py; repo/chars/data/equity_long_short_raw_no_impute.json	michaely-1995		Dividend omission	divo	Low	High	not-simple	L-H	n/a	paper: extracted-text/michaely-1995.txt:274-290,446-459,504-535,872-879,1591-1602; code: repo/chars/data/equity_long_short_raw_no_impute.json#series.divo	paper_source_no_simple_lms	Repo attribution: Michaely, Thaler, and Womack (1995). Formula table has no entry for this signal.
dolvol	Dollar trading volume	repo/scripts/build_long_short_portfolios.py; repo/chars/data/equity_long_short_raw_no_impute.json	chordia-2001		Dollar trading volume	dolvol	Low	High	not-simple	L-H	n/a	paper: extracted-text/chordia-2001-publisher.txt:36-60,110-121,361-361,664-665; code: repo/chars/data/equity_long_short_raw_no_impute.json#series.dolvol	paper_source_no_simple_lms	Repo attribution: Chordia, Subrahmanyam, and Anshuman (2001). Formula table direction: -1.
egr	Growth in common shareholder equity	repo/scripts/build_long_short_portfolios.py; repo/chars/data/equity_long_short_raw_no_impute.json	richardson-2005		Growth in common shareholder equity	egr	Low	High	not-simple	L-H	n/a	paper: extracted-text/richardson-2005-publisher.txt:71-77,235,1162,1165,1170-1172,1379,1501; code: repo/chars/data/equity_long_short_raw_no_impute.json#series.egr	paper_source_no_simple_lms	Repo attribution: Richardson, Sloan, Soliman, and Tuna (2005). Formula table has no entry for this signal.
ep	Earnings-to-price	repo/scripts/build_long_short_portfolios.py; repo/chars/data/equity_long_short_raw_no_impute.json	basu-1977		Earnings-to-price	ep	High	Low	N/A	H-L	n/a	paper: doi:10.1111/j.1540-6261.1977.tb01979.x; scholar:10.1111/j.1540-6261.1977.tb01979.x_0001 (Section II); scholar:10.1111/j.1540-6261.1977.tb01979.x_0047 (Table 1); code: repo/chars/data/equity_long_short_raw_no_impute.json#series.ep	paper_source_no_simple_lms	Repo attribution: Basu (1977). Formula table direction: +1.
gma	Gross profitability	repo/scripts/build_long_short_portfolios.py; repo/chars/data/equity_long_short_raw_no_impute.json	novy-marx-2013		Gross profitability	gma	High	Low	H-L	H-L	yes	paper: extracted-text/novy-marx-2013.txt:118-139 (definition and sample),249-299 (Section 2.2 and Table 2); papers/novy-marx-2013/novy-marx-2013-authoritative-fulltext.html; code: repo/chars/data/equity_long_short_raw_no_impute.json#series.gma	paper_direction_verified	Repo attribution: Novy-Marx (2013). Formula table direction: +1.
grcapx	Growth in capital expenditures	repo/scripts/build_long_short_portfolios.py; repo/chars/data/equity_long_short_raw_no_impute.json	anderson-2006		Growth in capital expenditures	grcapx	Low	High	N/A	L-H	n/a	paper: doi:10.1111/j.1540-6261.2006.00833.x; scholar:10.1111/j.1540-6261.2006.00833.x_0007 (Section II); scholar:10.1111/j.1540-6261.2006.00833.x_0019 (Section III); code: repo/chars/data/equity_long_short_raw_no_impute.json#series.grcapx	paper_source_no_simple_lms	Repo attribution: Anderson and Garcia-Feijoo (2006). Formula table has no entry for this signal.
grltnoa	Growth in long-term net operating assets	repo/scripts/build_long_short_portfolios.py; repo/chars/data/equity_long_short_raw_no_impute.json	fairfield-2003		Growth in long-term net operating assets	grltnoa	High	Low	N/A	H-L	n/a	paper: extracted-text/fairfield-2003-publisher.txt:75-93,240-298,449-468,844-917; code: repo/chars/data/equity_long_short_raw_no_impute.json#series.grltnoa	paper_source_no_simple_lms	Repo attribution: Fairfield, Whisenant, and Yohn (2003). Formula table direction: +1.
herf	Industry sales concentration	repo/scripts/build_long_short_portfolios.py; repo/chars/data/equity_long_short_raw_no_impute.json	hou-2006		Industry sales concentration	herf	Low	High	H-L	L-H	no	paper: extracted-text/hou-2006-publisher.txt:331-350,398-447,620-715; code: repo/chars/data/equity_long_short_raw_no_impute.json#series.herf	paper_direction_verified	Repo attribution: Hou and Robinson (2006). Formula table direction: -1.
hire	Employee growth rate	repo/scripts/build_long_short_portfolios.py; repo/chars/data/equity_long_short_raw_no_impute.json	bazdresch-2014		Employee growth rate	hire	Low	High	L-H	L-H	yes	paper: extracted-text/bazdresch-2014-publisher.txt:298-381,409-426,500-504; code: repo/chars/data/equity_long_short_raw_no_impute.json#series.hire	paper_direction_verified	Repo attribution: Bazdresch, Belo, and Lin (2014). Formula table direction: -1.
ill	Illiquidity rolling 3m	repo/scripts/build_long_short_portfolios.py; repo/chars/data/equity_long_short_raw_no_impute.json	amihud-2002		Illiquidity rolling 3m	ill	High	Low	N/A	H-L	n/a	paper: doi:10.1016/S1386-4181(01)00024-6; sciencedirect:abstract; code: repo/chars/data/equity_long_short_raw_no_impute.json#series.ill	paper_source_no_simple_lms	Repo attribution: Amihud (2002). Formula table direction: +1.
indmom	Industry momentum	repo/scripts/build_long_short_portfolios.py; repo/chars/data/equity_long_short_raw_no_impute.json	moskowitz-1999		Industry momentum	indmom	High	Low	H-L	H-L	yes	paper: extracted-text/moskowitz-1999.txt:221-243,591-615,1179-1194,1230-1240,1460-1465; code: repo/chars/data/equity_long_short_raw_no_impute.json#series.indmom	paper_direction_verified	Repo attribution: Moskowitz and Grinblatt (1999). Formula table has no entry for this signal.
invest	Capital expenditures and inventory	repo/scripts/build_long_short_portfolios.py; repo/chars/data/equity_long_short_raw_no_impute.json	chen-2010	lyandres-2008	Capital expenditures and inventory	invest	Low	High	L-H	L-H	yes	paper: extracted-text/lyandres-2008-publisher.txt:1520-1544@papers/lyandres-2008/lyandres-sun-zhang-2008.pdf; extracted-text/lyandres-2008-publisher.txt:1550-1562@papers/lyandres-2008/lyandres-sun-zhang-2008.pdf; extracted-text/fallahgoul-2024-supplement.txt:4718-4724@supporting-information/fallahgoul-2024/fallahgoul-franstianto-lin-2024-supplement.pdf; code: repo/chars/data/equity_long_short_raw_no_impute.json#series.invest	paper_direction_verified	Repo attribution: Chen and Zhang (2010). Formula table has no entry for this signal.
lev	Leverage	repo/scripts/build_long_short_portfolios.py; repo/chars/data/equity_long_short_raw_no_impute.json	bhandari-1988		Leverage	lev	High	Low	not-simple	H-L	n/a	paper: extracted-text/bhandari-1988.txt:134-173,258-285,632-652,762-765,1116-1121; code: repo/chars/data/equity_long_short_raw_no_impute.json#series.lev	paper_source_no_simple_lms	Repo attribution: Bhandari (1988). Formula table direction: +1.
lgr	Growth in long-term debt	repo/scripts/build_long_short_portfolios.py; repo/chars/data/equity_long_short_raw_no_impute.json	richardson-2005		Growth in long-term debt	lgr	Low	High	not-simple	L-H	n/a	paper: extracted-text/richardson-2005-publisher.txt:163-167,221-235,665,1170-1172,1252,1374,1499,1705; code: repo/chars/data/equity_long_short_raw_no_impute.json#series.lgr	paper_source_no_simple_lms	Repo attribution: Richardson, Sloan, Soliman, and Tuna (2005). Formula table direction: -1.
maxret	Maximum daily returns rolling 3m	repo/scripts/build_long_short_portfolios.py; repo/chars/data/equity_long_short_raw_no_impute.json	bali-2011		Maximum daily returns rolling 3m	maxret	Low	High	N/A	L-H	n/a	paper: doi:10.1016/j.jfineco.2010.08.014; sciencedirect:abstract; code: repo/chars/data/equity_long_short_raw_no_impute.json#series.maxret	paper_source_no_simple_lms	Repo attribution: Bali, Cakici, and Whitelaw (2011). Formula table direction: -1.
me	the market equity	repo/scripts/build_long_short_portfolios.py; repo/chars/data/equity_long_short_raw_no_impute.json	banz-1981		the market equity	me	Low	High	L-H	L-H	yes	paper: extracted-text/banz-1981-publisher.txt:174-189,213-223,518-635; code: repo/chars/data/equity_long_short_raw_no_impute.json#series.me	paper_direction_verified	Repo attribution: Banz (1981). Formula table direction: -1.
me_ia	Industry-adjusted size	repo/scripts/build_long_short_portfolios.py; repo/chars/data/equity_long_short_raw_no_impute.json	asness-2000		Industry-adjusted size	me_ia	Low	High	N/A	L-H	n/a	paper: extracted-text/fallahgoul-2024-supplement.txt:4793-4799@supporting-information/fallahgoul-2024/fallahgoul-franstianto-lin-2024-supplement.pdf; extracted-text/gu-2020-internet-appendix.txt:2398-2405@supporting-information/gu-2020/gu-kelly-xiu-2020-internet-appendix.pdf; code: repo/chars/data/equity_long_short_raw_no_impute.json#series.me_ia	paper_source_no_simple_lms	Repo attribution: Asness, Porter, and Stevens (2000). Formula table direction: -1.
mom12m	Momentum rolling 12m	repo/scripts/build_long_short_portfolios.py; repo/chars/data/equity_long_short_raw_no_impute.json	jegadeesh-1990		Momentum rolling 12m	mom12m	High	Low	H-L	H-L	yes	paper: extracted-text/jegadeesh-1990.txt:400-417,438-447,505-528; code: repo/chars/data/equity_long_short_raw_no_impute.json#series.mom12m	paper_direction_verified	Repo attribution: Jegadeesh (1990). Formula table direction: +1.
mom1m	Momentum	repo/scripts/build_long_short_portfolios.py; repo/chars/data/equity_long_short_raw_no_impute.json	jegadeesh-1993		Momentum	mom1m	Low	High	N/A	L-H	n/a	paper: extracted-text/jegadeesh-1993.txt:225-299 (Section I and Section II); /home/yunting/project/EquityChars/repo/documents/formula_docs/equity_characteristics_calculation.tex:235-236; papers/jegadeesh-1993/jegadeesh-titman-1993.pdf; code: repo/chars/data/equity_long_short_raw_no_impute.json#series.mom1m	paper_source_no_simple_lms	Repo attribution: Jegadeesh and Titman (1993). Formula table direction: -1.
mom36m	Momentum rolling 36m	repo/scripts/build_long_short_portfolios.py; repo/chars/data/equity_long_short_raw_no_impute.json	jegadeesh-1993		Momentum rolling 36m	mom36m	Low	High	N/A	L-H	n/a	paper: extracted-text/jegadeesh-1993.txt:225-299 (J and K strategy definition),1150-1204 (36-month post-formation tracking); /home/yunting/project/EquityChars/repo/documents/formula_docs/equity_characteristics_calculation.tex:238-239; papers/jegadeesh-1993/jegadeesh-titman-1993.pdf; code: repo/chars/data/equity_long_short_raw_no_impute.json#series.mom36m	paper_source_no_simple_lms	Repo attribution: Jegadeesh and Titman (1993). Formula table direction: -1.
mom60m	Momentum rolling 60m	repo/scripts/build_long_short_portfolios.py; repo/chars/data/equity_long_short_raw_no_impute.json	jegadeesh-1993		Momentum rolling 60m	mom60m	Low	High	N/A	L-H	n/a	paper: extracted-text/jegadeesh-1993.txt:67-80 (prior long-horizon reversal literature),225-299 (tested J and K horizons); /home/yunting/project/EquityChars/repo/documents/formula_docs/equity_characteristics_calculation.tex:241-242; papers/jegadeesh-1993/jegadeesh-titman-1993.pdf; code: repo/chars/data/equity_long_short_raw_no_impute.json#series.mom60m	paper_source_no_simple_lms	Repo attribution: Jegadeesh and Titman (1993). Formula table direction: -1.
mom6m	Momentum rolling 6m	repo/scripts/build_long_short_portfolios.py; repo/chars/data/equity_long_short_raw_no_impute.json	jegadeesh-1993		Momentum rolling 6m	mom6m	High	Low	H-L	H-L	yes	paper: extracted-text/jegadeesh-1993.txt:225-299 (Section I construction and Section II result),332-393 (Table I notes and 32 strategies),1528-1544 (conclusion); papers/jegadeesh-1993/jegadeesh-titman-1993.pdf; code: repo/chars/data/equity_long_short_raw_no_impute.json#series.mom6m	paper_direction_verified	Repo attribution: Jegadeesh and Titman (1993). Formula table direction: +1.
ni	Net Stock Issues	repo/scripts/build_long_short_portfolios.py; repo/chars/data/equity_long_short_raw_no_impute.json	pontiff-2008		Net Stock Issues	ni	Low	High	not-simple	L-H	n/a	paper: extracted-text/pontiff-2008-publisher.txt:151-216,565-615,743-783; code: repo/chars/data/equity_long_short_raw_no_impute.json#series.ni	paper_source_no_simple_lms	Repo attribution: Pontiff and Woodgate (2008). Formula table direction: -1.
nincr	Number of earnings increases	repo/scripts/build_long_short_portfolios.py; repo/chars/data/equity_long_short_raw_no_impute.json	barth-1999		Number of earnings increases	nincr	High	Low	not-simple	H-L	n/a	paper: extracted-text/barth-1999-publisher.txt:137-143,226-260,365-438,455-490,923-945,1219-1225; code: repo/chars/data/equity_long_short_raw_no_impute.json#series.nincr	paper_source_no_simple_lms	Repo attribution: Barth, Elliott, and Finn (1999). Formula table direction: +1.
noa	(Changes in) Net Operating Assets	repo/scripts/build_long_short_portfolios.py; repo/chars/data/equity_long_short_raw_no_impute.json	hirshleifer-2004		(Changes in) Net Operating Assets	noa	Low	High	L-H	L-H	yes	paper: extracted-text/hirshleifer-2004-publisher.txt:32-42,74,280-282,742-744,993-1005; code: repo/chars/data/equity_long_short_raw_no_impute.json#series.noa	paper_direction_verified	Repo attribution: Hirshleifer, Hou, Teoh, and Zhang (2004). Formula table direction: -1.
op	Operating profitability	repo/scripts/build_long_short_portfolios.py; repo/chars/data/equity_long_short_raw_no_impute.json	fama-2015		Operating profitability	op	High	Low	H-L	H-L	yes	paper: extracted-text/fama-2015.txt:338-375 (Section 4 and Table 3); papers/fama-2015/fama-2015-authoritative-fulltext.html; code: repo/chars/data/equity_long_short_raw_no_impute.json#series.op	paper_direction_verified	Repo attribution: Fama and French (2015). Formula table direction: +1.
pchcapx_ia	Industry adjusted % change in capital expenditures	repo/scripts/build_long_short_portfolios.py; repo/chars/data/equity_long_short_raw_no_impute.json	abarbanell-1998		Industry adjusted % change in capital expenditures	pchcapx_ia	Low	High	not-simple	L-H	n/a	paper: doi:10.2139/ssrn.40740; paperzz:L43-L57; paperzz:L225-L248; paperzz:L314-L323; paperzz:L337-L409; code: repo/chars/data/equity_long_short_raw_no_impute.json#series.pchcapx_ia	paper_source_no_simple_lms	Repo attribution: Abarbanell and Bushee (1998). Formula table has no entry for this signal.
pchcurrat	% change in current ratio	repo/scripts/build_long_short_portfolios.py; repo/chars/data/equity_long_short_raw_no_impute.json	ou-1989		% change in current ratio	pchcurrat	High	Low	not-simple	H-L	n/a	paper: extracted-text/ou-1989.txt:396-470 (Table 2),535-617 (Table 3),665-685 (preset strategy),860-890 (Table 6 notes); papers/ou-1989/ou-1989.pdf; code: repo/chars/data/equity_long_short_raw_no_impute.json#series.pchcurrat	paper_source_no_simple_lms	Repo attribution: Ou and Penman (1989). Formula table has no entry for this signal.
pchdepr	% change in depreciation	repo/scripts/build_long_short_portfolios.py; repo/chars/data/equity_long_short_raw_no_impute.json	holthausen-1992		% change in depreciation	pchdepr	High	Low	not-simple	H-L	n/a	paper: extracted-text/holthausen-1992-publisher.txt:300-339,524-543,738-792; code: repo/chars/data/equity_long_short_raw_no_impute.json#series.pchdepr	paper_source_no_simple_lms	Repo attribution: Holthausen and Larcker (1992). Formula table has no entry for this signal.
pchgm_pchsale	% change in gross margin - % change in sales	repo/scripts/build_long_short_portfolios.py; repo/chars/data/equity_long_short_raw_no_impute.json	abarbanell-1998		% change in gross margin - % change in sales	pchgm_pchsale	High	Low	not-simple	H-L	n/a	paper: doi:10.2139/ssrn.40740; paperzz:L43-L57; paperzz:L231-L235; paperzz:L337-L409; code: repo/chars/data/equity_long_short_raw_no_impute.json#series.pchgm_pchsale	paper_source_no_simple_lms	Repo attribution: Abarbanell and Bushee (1998). Formula table has no entry for this signal.
pchquick	% change in quick ratio	repo/scripts/build_long_short_portfolios.py; repo/chars/data/equity_long_short_raw_no_impute.json	ou-1989		% change in quick ratio	pchquick	High	Low	not-simple	H-L	n/a	paper: extracted-text/ou-1989.txt:396-470 (Table 2),535-617 (Table 3),665-685 (preset strategy),860-890 (Table 6 notes); papers/ou-1989/ou-1989.pdf; code: repo/chars/data/equity_long_short_raw_no_impute.json#series.pchquick	paper_source_no_simple_lms	Repo attribution: Ou and Penman (1989). Formula table has no entry for this signal.
pchsale_pchinvt	% change in sales - % change in inventory	repo/scripts/build_long_short_portfolios.py; repo/chars/data/equity_long_short_raw_no_impute.json	abarbanell-1998		% change in sales - % change in inventory	pchsale_pchinvt	High	Low	not-simple	H-L	n/a	paper: doi:10.2139/ssrn.40740; paperzz:L43-L57; paperzz:L231-L233; paperzz:L337-L409; code: repo/chars/data/equity_long_short_raw_no_impute.json#series.pchsale_pchinvt	paper_source_no_simple_lms	Repo attribution: Abarbanell and Bushee (1998). Formula table has no entry for this signal.
pchsale_pchrect	% change in sales - % change in A or R	repo/scripts/build_long_short_portfolios.py; repo/chars/data/equity_long_short_raw_no_impute.json	abarbanell-1998		% change in sales - % change in A or R	pchsale_pchrect	High	Low	not-simple	H-L	n/a	paper: doi:10.2139/ssrn.40740; paperzz:L43-L57; paperzz:L244-L248; paperzz:L337-L409; code: repo/chars/data/equity_long_short_raw_no_impute.json#series.pchsale_pchrect	paper_source_no_simple_lms	Repo attribution: Abarbanell and Bushee (1998). Formula table has no entry for this signal.
pchsale_pchxsga	% change in sales - % change in SG and A	repo/scripts/build_long_short_portfolios.py; repo/chars/data/equity_long_short_raw_no_impute.json	abarbanell-1998		% change in sales - % change in SG and A	pchsale_pchxsga	High	Low	not-simple	H-L	n/a	paper: doi:10.2139/ssrn.40740; paperzz:L43-L57; paperzz:L317-L323; paperzz:L337-L409; code: repo/chars/data/equity_long_short_raw_no_impute.json#series.pchsale_pchxsga	paper_source_no_simple_lms	Repo attribution: Abarbanell and Bushee (1998). Formula table has no entry for this signal.
pchsaleinv	% change sales-to-inventory	repo/scripts/build_long_short_portfolios.py; repo/chars/data/equity_long_short_raw_no_impute.json	ou-1989		% change sales-to-inventory	pchsaleinv	High	Low	not-simple	H-L	n/a	paper: extracted-text/ou-1989.txt:396-470 (Table 2),535-617 (Table 3),665-685 (preset strategy),860-890 (Table 6 notes); papers/ou-1989/ou-1989.pdf; code: repo/chars/data/equity_long_short_raw_no_impute.json#series.pchsaleinv	paper_source_no_simple_lms	Repo attribution: Ou and Penman (1989). Formula table has no entry for this signal.
pctacc	Percent operating accruals	repo/scripts/build_long_short_portfolios.py; repo/chars/data/equity_long_short_raw_no_impute.json	hafzalla-2011		Percent operating accruals	pctacc	Low	High	L-H	L-H	yes	paper: extracted-text/hafzalla-2011-publisher.txt:19-24,109-111,219-230,298,323-325,573-575,664-685; code: repo/chars/data/equity_long_short_raw_no_impute.json#series.pctacc	paper_direction_verified	Repo attribution: Hafzalla, Lundholm, and Van Winkle (2011). Formula table direction: -1.
pm	profit margin	repo/scripts/build_long_short_portfolios.py; repo/chars/data/equity_long_short_raw_no_impute.json	soliman-2008		profit margin	pm	High	Low	not-simple	H-L	n/a	paper: extracted-text/soliman-2008-publisher.txt:134-151,391-399,669-729,837-905,1577-1713; code: repo/chars/data/equity_long_short_raw_no_impute.json#series.pm	paper_source_no_simple_lms	Repo attribution: Soliman (2008). Formula table direction: +1.
pscore	Performance Score	repo/scripts/build_long_short_portfolios.py; repo/chars/data/equity_long_short_raw_no_impute.json	piotroski-2000		Performance Score	pscore	High	Low	H-L	H-L	yes	paper: extracted-text/piotroski-2000.txt:390-399,423-458,466-534,572-588,638-647,684-704,1025-1031,1790-1797; code: repo/chars/data/equity_long_short_raw_no_impute.json#series.pscore	paper_direction_verified	Repo attribution: Piotroski (2000). Formula table direction: +1.
quick	Quick ratio	repo/scripts/build_long_short_portfolios.py; repo/chars/data/equity_long_short_raw_no_impute.json	ou-1989		Quick ratio	quick	High	Low	not-simple	H-L	n/a	paper: extracted-text/ou-1989.txt:396-470 (Table 2),535-617 (Table 3),665-685 (preset strategy),860-890 (Table 6 notes); papers/ou-1989/ou-1989.pdf; code: repo/chars/data/equity_long_short_raw_no_impute.json#series.quick	paper_source_no_simple_lms	Repo attribution: Ou and Penman (1989). Formula table has no entry for this signal.
rd	R and D increase	repo/scripts/build_long_short_portfolios.py; repo/chars/data/equity_long_short_raw_no_impute.json	eberhart-2004		R and D increase	rd	High	Low	not-simple	H-L	n/a	paper: doi:10.1111/j.1540-6261.2004.00644.x; scholar:10.1111/j.1540-6261.2004.00644.x_0015 (Methods/Table II); code: repo/chars/data/equity_long_short_raw_no_impute.json#series.rd	paper_source_no_simple_lms	Repo attribution: Eberhart, Maxwell, and Siddique (2004). Formula table has no entry for this signal.
rd_sale	R and D to sales	repo/scripts/build_long_short_portfolios.py; repo/chars/data/equity_long_short_raw_no_impute.json	guo-2006		R and D to sales	rd_sale	High	Low	H-L	H-L	yes	paper: extracted-text/guo-2006-publisher.txt:252-310,369-377,474-480,1157-1192,1265-1357; code: repo/chars/data/equity_long_short_raw_no_impute.json#series.rd_sale	paper_direction_verified	Repo attribution: Guo, Lev, and Shi (2006). Formula table direction: +1.
rdm	R and D Expense-to-market	repo/scripts/build_long_short_portfolios.py; repo/chars/data/equity_long_short_raw_no_impute.json	chan-2001		R and D Expense-to-market	rdm	High	Low	not-simple	H-L	n/a	paper: extracted-text/chan-2001.txt:493-501,511-514,733-748,784-812,864-876,1367-1369; code: repo/chars/data/equity_long_short_raw_no_impute.json#series.rdm	paper_source_no_simple_lms	Repo attribution: Chan, Lakonishok, and Sougiannis (2001). Formula table direction: +1.
re	Revisions in analysts earnings forecasts	repo/scripts/build_long_short_portfolios.py; repo/chars/data/equity_long_short_raw_no_impute.json	chan-1996		Revisions in analysts earnings forecasts	re	High	Low	not-simple	H-L	n/a	paper: extracted-text/chan-1996.txt:294-308,329-345,794-817,970-986,1056-1072,1715-1756,1811-1817; code: repo/chars/data/equity_long_short_raw_no_impute.json#series.re	paper_source_no_simple_lms	Repo attribution: Chan, Jegadeesh, and Lakonishok (1996). Formula table direction: +1.
realestate	Real estate holdings	repo/scripts/build_long_short_portfolios.py; repo/chars/data/equity_long_short_raw_no_impute.json	tuzel-2010		Real estate holdings	realestate	High	Low	H-L	H-L	yes	paper: extracted-text/tuzel-2010-publisher.txt:50-53,603-610,613-817; code: repo/chars/data/equity_long_short_raw_no_impute.json#series.realestate	paper_direction_verified	Repo attribution: Tuzel (2010). Formula table has no entry for this signal.
rna	Quarterly Return on Net Operating Assets, Quarterly Asset Turnover	repo/scripts/build_long_short_portfolios.py; repo/chars/data/equity_long_short_raw_no_impute.json	soliman-2008		Quarterly Return on Net Operating Assets, Quarterly Asset Turnover	rna	High	Low	not-simple	H-L	n/a	paper: extracted-text/soliman-2008-publisher.txt:134-151,391-399,669-729,837-905; code: repo/chars/data/equity_long_short_raw_no_impute.json#series.rna	paper_source_no_simple_lms	Repo attribution: Soliman (2008). Formula table direction: +1.
roa	Return on assets	repo/scripts/build_long_short_portfolios.py; repo/chars/data/equity_long_short_raw_no_impute.json	balakrishnan-2010		Return on assets	roa	High	Low	H-L	H-L	yes	paper: extracted-text/balakrishnan-2010.txt:100-140,337-435 (Sections 2.2 and 3.1-3.2, Table 2); papers/balakrishnan-2010/balakrishnan-2010-authoritative-fulltext.html; code: repo/chars/data/equity_long_short_raw_no_impute.json#series.roa	paper_direction_verified	Repo attribution: Balakrishnan, Bartov, and Faurel (2010). Formula table direction: +1.
roavol	Earnings volatility	repo/scripts/build_long_short_portfolios.py; repo/chars/data/equity_long_short_raw_no_impute.json	francis-2004		Earnings volatility	roavol	Low	High	not-simple	L-H	n/a	paper: extracted-text/francis-2004-publisher.txt:511-516,1831-1875; papers/francis-2004/francis-2004-publisher.pdf:p.998; code: repo/chars/data/equity_long_short_raw_no_impute.json#series.roavol	paper_source_no_simple_lms	Repo attribution: Francis, LaFond, Olsson, and Schipper (2004). Formula table has no entry for this signal.
roe	Return on equity	repo/scripts/build_long_short_portfolios.py; repo/chars/data/equity_long_short_raw_no_impute.json	hou-2015		Return on equity	roe	High	Low	H-L	H-L	yes	paper: extracted-text/hou-2015-publisher.txt:52-57,100-105,406-414; code: repo/chars/data/equity_long_short_raw_no_impute.json#series.roe	paper_direction_verified	Repo attribution: Hou, Xue, and Zhang (2015). Formula table direction: +1.
roic	Return on invested capital	repo/scripts/build_long_short_portfolios.py; repo/chars/data/equity_long_short_raw_no_impute.json	brown-2007		Return on invested capital	roic	High	Low	H-L	H-L	yes	paper: extracted-text/fallahgoul-2024-supplement.txt:4970-4976@supporting-information/fallahgoul-2024/fallahgoul-franstianto-lin-2024-supplement.pdf; extracted-text/gu-2020-internet-appendix.txt:2587-2594@supporting-information/gu-2020/gu-kelly-xiu-2020-internet-appendix.pdf; code: repo/chars/data/equity_long_short_raw_no_impute.json#series.roic	paper_direction_verified	Repo attribution: Brown and Rowe (2007). Formula table has no entry for this signal.
rsup	Revenue surprise	repo/scripts/build_long_short_portfolios.py; repo/chars/data/equity_long_short_raw_no_impute.json	kama-2009		Revenue surprise	rsup	High	Low	not-simple	H-L	n/a	paper: extracted-text/kama-2009.txt:260-267,286-312,380-388,521-542,713-723,819-826,876-934; code: repo/chars/data/equity_long_short_raw_no_impute.json#series.rsup	paper_source_no_simple_lms	Repo attribution: Kama (2009). Formula table direction: +1.
rvar_capm	Residual variance - CAPM rolling 3m	repo/scripts/build_long_short_portfolios.py; repo/chars/data/equity_long_short_raw_no_impute.json	daily-stock-residual-variance-of-capm	ang-2006	Residual variance - CAPM rolling 3m	rvar_capm	Low	High	L-H	L-H	yes	paper: extracted-text/ang-2006-publisher.txt:1278-1329,1354-1362,1368-1413; code: repo/chars/data/equity_long_short_raw_no_impute.json#series.rvar_capm	paper_direction_verified	Repo attribution: Daily Stock residual variance of CAPM (). Formula table direction: -1.
rvar_ff3	Residual variance - ff3 rolling 3m	repo/scripts/build_long_short_portfolios.py; repo/chars/data/equity_long_short_raw_no_impute.json	daily-stock-residual-variance-of-fama-french-3-factors	ang-2006	Residual variance - ff3 rolling 3m	rvar_ff3	Low	High	L-H	L-H	yes	paper: extracted-text/ang-2006-publisher.txt:1278-1329,1368-1413; code: repo/chars/data/equity_long_short_raw_no_impute.json#series.rvar_ff3	paper_direction_verified	Repo attribution: Daily Stock residual variance of Fama French 3 factors (). Formula table direction: -1.
rvar_mean	return variance rolling 3m	repo/scripts/build_long_short_portfolios.py; repo/chars/data/equity_long_short_raw_no_impute.json	daily-stock-return-variance	ang-2006	return variance rolling 3m	rvar_mean	Low	High	L-H	L-H	yes	paper: extracted-text/ang-2006-publisher.txt:1294-1329,1368-1413; code: repo/chars/data/equity_long_short_raw_no_impute.json#series.rvar_mean	paper_direction_verified	Repo attribution: Daily Stock return variance (). Formula table has no entry for this signal.
salecash	Sales to cash	repo/scripts/build_long_short_portfolios.py; repo/chars/data/equity_long_short_raw_no_impute.json	ou-1989		Sales to cash	salecash	High	Low	not-simple	H-L	n/a	paper: extracted-text/ou-1989.txt:396-470 (Table 2),535-617 (Table 3),665-685 (preset strategy),860-890 (Table 6 notes); papers/ou-1989/ou-1989.pdf; code: repo/chars/data/equity_long_short_raw_no_impute.json#series.salecash	paper_source_no_simple_lms	Repo attribution: Ou and Penman (1989). Formula table has no entry for this signal.
saleinv	Sales to inventory	repo/scripts/build_long_short_portfolios.py; repo/chars/data/equity_long_short_raw_no_impute.json	ou-1989		Sales to inventory	saleinv	High	Low	not-simple	H-L	n/a	paper: extracted-text/ou-1989.txt:396-470 (Table 2),535-617 (Table 3),665-685 (preset strategy),860-890 (Table 6 notes); papers/ou-1989/ou-1989.pdf; code: repo/chars/data/equity_long_short_raw_no_impute.json#series.saleinv	paper_source_no_simple_lms	Repo attribution: Ou and Penman (1989). Formula table has no entry for this signal.
salerec	Sales to receivables	repo/scripts/build_long_short_portfolios.py; repo/chars/data/equity_long_short_raw_no_impute.json	ou-1989		Sales to receivables	salerec	High	Low	not-simple	H-L	n/a	paper: extracted-text/ou-1989.txt:396-470 (Table 2),535-617 (Table 3),665-685 (preset strategy),860-890 (Table 6 notes); papers/ou-1989/ou-1989.pdf; code: repo/chars/data/equity_long_short_raw_no_impute.json#series.salerec	paper_source_no_simple_lms	Repo attribution: Ou and Penman (1989). Formula table has no entry for this signal.
seas1a	Seasonality	repo/scripts/build_long_short_portfolios.py; repo/chars/data/equity_long_short_raw_no_impute.json	heston-2008		Seasonality	seas1a	High	Low	H-L	H-L	yes	paper: extracted-text/heston-2008-publisher.txt:15,30-32,287-291,650-657; code: repo/chars/data/equity_long_short_raw_no_impute.json#series.seas1a	paper_direction_verified	Repo attribution: Heston and Sadka (2008). Formula table direction: +1.
secured	Secured debt	repo/scripts/build_long_short_portfolios.py; repo/chars/data/equity_long_short_raw_no_impute.json	valta-2016		Secured debt	secured	High	Low	H-L	H-L	yes	paper: extracted-text/valta-2016-publisher.txt:285-363,629-633,743-744,797-848,997-1064,1515-1522; code: repo/chars/data/equity_long_short_raw_no_impute.json#series.secured	paper_direction_verified	Repo attribution: Valta (2016). Formula table has no entry for this signal.
securedind	Secured debt indicator	repo/scripts/build_long_short_portfolios.py; repo/chars/data/equity_long_short_raw_no_impute.json	valta-2016		Secured debt indicator	securedind	High	Low	not-simple	H-L	n/a	paper: extracted-text/valta-2016-publisher.txt:285-363,629-633,743-744,797-848,997-1064,1515-1522; code: repo/chars/data/equity_long_short_raw_no_impute.json#series.securedind	paper_source_no_simple_lms	Repo attribution: Valta (2016). Formula table has no entry for this signal.
sgr	Sales growth	repo/scripts/build_long_short_portfolios.py; repo/chars/data/equity_long_short_raw_no_impute.json	lakonishok-1994		Sales growth	sgr	High	Low	L-H	H-L	no	paper: extracted-text/lakonishok-1994-publisher.txt:215-365,440-540,595-623; code: repo/chars/data/equity_long_short_raw_no_impute.json#series.sgr	paper_direction_verified	Repo attribution: Lakonishok, Shleifer, and Vishny (1994). Formula table direction: +1.
sin	Sin stocks	repo/scripts/build_long_short_portfolios.py; repo/chars/data/equity_long_short_raw_no_impute.json	hong-2009		Sin stocks	sin	High	Low	H-L	H-L	yes	paper: extracted-text/hong-2009-publisher.txt:35,48-52,576,582,739,753,1135-1138; code: repo/chars/data/equity_long_short_raw_no_impute.json#series.sin	paper_direction_verified	Repo attribution: Hong and Kacperczyk (2009). Formula table has no entry for this signal.
sp	Sales-to-price	repo/scripts/build_long_short_portfolios.py; repo/chars/data/equity_long_short_raw_no_impute.json	barbee-1996		Sales-to-price	sp	High	Low	not-simple	H-L	n/a	paper: extracted-text/barbee-1996-publisher.txt:63-79,83-91,95-119; code: repo/chars/data/equity_long_short_raw_no_impute.json#series.sp	paper_source_no_simple_lms	Repo attribution: Barbee, Mukherji, and Raines (1996). Formula table direction: +1.
std_dolvol	Std. of dollar trading volume rolling 3m	repo/scripts/build_long_short_portfolios.py; repo/chars/data/equity_long_short_raw_no_impute.json	chordia-2001		Std. of dollar trading volume rolling 3m	std_dolvol	Low	High	not-simple	L-H	n/a	paper: extracted-text/chordia-2001-publisher.txt:43-60,110-121,216-219,664-665,1684-1684; code: repo/chars/data/equity_long_short_raw_no_impute.json#series.std_dolvol	paper_source_no_simple_lms	Repo attribution: Chordia, Subrahmanyam, and Anshuman (2001). Formula table direction: -1.
std_turn	Std. of Share turnover rolling 3m	repo/scripts/build_long_short_portfolios.py; repo/chars/data/equity_long_short_raw_no_impute.json	chordia-2001		Std. of Share turnover rolling 3m	std_turn	Low	High	not-simple	L-H	n/a	paper: extracted-text/chordia-2001-publisher.txt:36-60,110-121,216-219,665-665,1001-1003; code: repo/chars/data/equity_long_short_raw_no_impute.json#series.std_turn	paper_source_no_simple_lms	Repo attribution: Chordia, Subrahmanyam, and Anshuman (2001). Formula table direction: -1.
sue	Unexpected quarterly earnings	repo/scripts/build_long_short_portfolios.py; repo/chars/data/equity_long_short_raw_no_impute.json	rendelman-1982		Unexpected quarterly earnings	sue	High	Low	H-L	H-L	yes	paper: extracted-text/rendelman-1982-publisher.txt:267-300,313-338,528-576,616-647,771-812; code: repo/chars/data/equity_long_short_raw_no_impute.json#series.sue	paper_direction_verified	Repo attribution: Rendelman, Jones, and Latane (1982). Formula table direction: +1.
tang	Debt capacity or firm tangibility	repo/scripts/build_long_short_portfolios.py; repo/chars/data/equity_long_short_raw_no_impute.json	almeida-2007		Debt capacity or firm tangibility	tang	High	Low	not-simple	H-L	n/a	paper: extracted-text/almeida-2007-publisher.txt:390-430,633-708,927-950,1136-1179; code: repo/chars/data/equity_long_short_raw_no_impute.json#series.tang	paper_source_no_simple_lms	Repo attribution: Almeida and Campello (2007). Formula table has no entry for this signal.
tb	Tax income to book income	repo/scripts/build_long_short_portfolios.py; repo/chars/data/equity_long_short_raw_no_impute.json	lev-2004		Tax income to book income	tb	High	Low	not-simple	H-L	n/a	paper: extracted-text/lev-2004.txt:395-420,470-503,520-650,1390-1403,1535-1555; code: repo/chars/data/equity_long_short_raw_no_impute.json#series.tb	paper_source_no_simple_lms	Repo attribution: Lev and Nissim (2004). Formula table has no entry for this signal.
turn	Shares turnover	repo/scripts/build_long_short_portfolios.py; repo/chars/data/equity_long_short_raw_no_impute.json	datar-1998		Shares turnover	turn	Low	High	not-simple	L-H	n/a	paper: extracted-text/datar-1998-publisher.txt:1-30,115-123,457-462; code: repo/chars/data/equity_long_short_raw_no_impute.json#series.turn	paper_source_no_simple_lms	Repo attribution: Datar, Naik, and Radcliffe (1998). Formula table direction: -1.
zerotrade	Number of zero-trading days rolling 3m	repo/scripts/build_long_short_portfolios.py; repo/chars/data/equity_long_short_raw_no_impute.json	liu-2006		Number of zero-trading days rolling 3m	zerotrade	High	Low	H-L	H-L	yes	paper: extracted-text/liu-2006-publisher.txt:27,30,34-35,569-577,757,1636; code: repo/chars/data/equity_long_short_raw_no_impute.json#series.zerotrade	paper_direction_verified	Repo attribution: Liu (2006). Formula table direction: +1.
